coc_id,year,coc_name,award_amount
1,2015,AK-500 - Anchorage CoC,2949710
2,2015,AK-501 - Alaska Balance of State CoC,762763
3,2015,"AL-500 - Birmingham/Jefferson, Saint Clair, Shelby Counties CoC",8997707
4,2015,AL-501 - Mobile City and County/Baldwin County CoC,3953258
5,2015,AL-502 - Florence/Northwest Alabama CoC,502183
6,2015,AL-503 - Huntsville/North Alabama CoC,754922
7,2015,AL-504 - Montgomery City and County CoC,2112078
8,2015,AL-506 - Tuscaloosa City and County CoC,232472
9,2015,AL-507 - Alabama Balance of State CoC,543801
10,2015,AR-500 - Little Rock/Central Arkansas CoC,3353320
11,2015,AR-501 - Fayetteville/Northwest Arkansas CoC,394778
12,2015,AR-503 - Arkansas Balance of State CoC,376455
13,2015,AR-504 - Delta Hills CoC,24141
14,2015,AR-505 - Southeast Arkansas CoC,292022
15,2015,AZ-500 - Arizona Balance of State CoC,4008374
16,2015,AZ-501 - Tucson/Pima County CoC,8428109
17,2015,"AZ-502 - Phoenix, Mesa/Maricopa County CoC",26882333
18,2015,"CA-500 - San Jose, Santa Clara City and County CoC",20204762
19,2015,CA-501 - San Francisco CoC,30968697
20,2015,"CA-502 - Oakland, Berkeley/Alameda County CoC",28980863
21,2015,CA-503 - Sacramento City and County CoC,19138664
22,2015,"CA-504 - Santa Rosa, Petaluma/Sonoma County CoC",3087262
23,2015,CA-505 - Richmond/Contra Costa County CoC,11104352
24,2015,"CA-506 - Salinas/Monterey, San Benito Counties CoC",1972200
25,2015,CA-507 - Marin County CoC,3264434
26,2015,CA-508 - Watsonville/Santa Cruz City and County CoC,2261790
27,2015,CA-509 - Mendocino County CoC,1777940
28,2015,"CA-510 - Turlock, Modesto/Stanislaus County CoC",2963830
29,2015,CA-511 - Stockton/San Joaquin County CoC,4180278
30,2015,CA-512 - Daly City/San Mateo County CoC,9455481
31,2015,"CA-513 - Visalia/Kings, Tulare Counties CoC",1923277
32,2015,CA-514 - Fresno City and County/Madera County CoC,8737368
33,2015,"CA-515 - Roseville, Rocklin/Placer, Nevada Counties CoC",1256067
34,2015,CA-516 - Redding/Shasta County CoC,317347
35,2015,CA-517 - Napa City and County CoC,712708
36,2015,CA-518 - Vallejo/Solano County CoC,1254088
37,2015,"CA-519 - Chico, Paradise/Butte County CoC",531742
38,2015,CA-520 - Merced City and County CoC,659165
39,2015,"CA-521 - Davis, Woodland/Yolo County CoC",474575
40,2015,CA-522 - Humboldt County CoC,819897
41,2015,CA-524 - Yuba City/Sutter County CoC,2490
42,2015,CA-525 - El Dorado County CoC,10556
43,2015,"CA-526 - Tuolumne, Amador, Calaveras, Mariposa Counties CoC",313840
44,2015,CA-527 - Tehama County CoC,5629
45,2015,CA-600 - Los Angeles City and County CoC,99691350
46,2015,CA-601 - San Diego City and County CoC,17859969
47,2015,"CA-602 - Santa Ana, Anaheim/Orange County CoC",22025895
48,2015,CA-603 - Santa Maria/Santa Barbara County CoC,1607635
49,2015,CA-604 - Bakersfield/Kern County CoC,4790096
50,2015,CA-606 - Long Beach CoC,6965080
51,2015,CA-607 - Pasadena CoC,3112977
52,2015,CA-608 - Riverside City and County CoC,9289429
53,2015,CA-609 - San Bernardino City and County CoC,9366053
54,2015,"CA-611 - Oxnard, San Buenaventura/Ventura County CoC",1970367
55,2015,CA-612 - Glendale CoC,2319804
56,2015,CA-613 - Imperial County CoC,191131
57,2015,CA-614 - San Luis Obispo County CoC,935156
58,2015,"CA-615 - Alpine, Inyo, Mono Counties CoC",2862
59,2015,CO-500 - Colorado Balance of State CoC,2874257
60,2015,CO-503 - Metropolitan Denver CoC,24388048
61,2015,CO-504 - Colorado Springs/El Paso County CoC,2452453
62,2015,CT-502 - Hartford CoC,6411420
63,2015,"CT-503 - Bridgeport, Stamford, Norwalk/Fairfield County CoC",10169085
64,2015,CT-505 - Connecticut Balance of State CoC,27081272
65,2015,DC-500 - District of Columbia CoC,23888687
66,2015,DE-500 - Delaware Statewide CoC,7785779
67,2015,"FL-500 - Sarasota, Bradenton/Manatee, Sarasota Counties CoC",1113950
68,2015,FL-501 - Tampa/Hillsborough County CoC,6240062
69,2015,"FL-502 - Saint Petersburg, Clearwater, Largo/Pinellas County CoC",4036255
70,2015,"FL-503 - Lakeland, Winterhaven/Polk County CoC",1614059
71,2015,"FL-504 - Daytona Beach, Daytona/Volusia, Flagler Counties CoC",1090050
72,2015,"FL-505 - Fort Walton Beach/Okaloosa, Walton Counties CoC",576097
73,2015,FL-506 - Tallahassee/Leon County CoC,1341674
74,2015,"FL-507 - Orlando/Orange, Osceola, Seminole Counties CoC",7444936
75,2015,"FL-508 - Gainesville/Alachua, Putnam Counties CoC",587300
76,2015,"FL-509 - Fort Pierce/Saint Lucie, Indian River, Martin Counties CoC",1514817
77,2015,"FL-510 - Jacksonville-Duval, Clay Counties CoC",4597556
78,2015,"FL-511 - Pensacola/Escambia, Santa Rosa Counties CoC",836821
79,2015,FL-512 - Saint Johns County CoC,139559
80,2015,"FL-513 - Palm Bay, Melbourne/Brevard County CoC",719252
81,2015,FL-514 - Ocala/Marion County CoC,243373
82,2015,"FL-515 - Panama City/Bay, Jackson Counties CoC",42952
83,2015,"FL-517 - Hendry, Hardee, Highlands Counties CoC",190199
84,2015,"FL-518 - Columbia, Hamilton, Lafayette, Suwannee Counties CoC",357005
85,2015,FL-519 - Pasco County CoC,763038
86,2015,"FL-520 - Citrus, Hernando, Lake, Sumter Counties CoC",396759
87,2015,FL-600 - Miami-Dade County CoC,29730926
88,2015,FL-601 - Ft Lauderdale/Broward County CoC,10376919
89,2015,FL-602 - Punta Gorda/Charlotte County CoC,189503
90,2015,"FL-603 - Ft Myers, Cape Coral/Lee County CoC",1762276
91,2015,FL-604 - Monroe County CoC,448854
92,2015,FL-605 - West Palm Beach/Palm Beach County CoC,5682950
93,2015,FL-606 - Naples/Collier County CoC,270198
94,2015,GA-500 - Atlanta CoC,6921341
95,2015,GA-501 - Georgia Balance of State CoC,15845827
96,2015,GA-502 - Fulton County CoC,2795919
97,2015,GA-503 - Athens-Clarke County CoC,696892
98,2015,GA-504 - Augusta-Richmond County CoC,604002
99,2015,GA-505 - Columbus-Muscogee/Russell County CoC,1333949
100,2015,GA-506 - Marietta/Cobb County CoC,2200358
101,2015,GA-507 - Savannah/Chatham County CoC,3588586
102,2015,GA-508 - DeKalb County CoC,4061462
103,2015,HI-500 - Hawaii Balance of State CoC,2100869
104,2015,HI-501 - Honolulu City and County CoC,9265576
105,2015,"IA-500 - Sioux City/Dakota, Woodbury Counties CoC",715112
106,2015,IA-501 - Iowa Balance of State CoC,4584927
107,2015,IA-502 - Des Moines/Polk County CoC,3127223
108,2015,ID-500 - Boise/Ada County CoC,933085
109,2015,ID-501 - Idaho Balance of State CoC,2780683
110,2015,IL-500 - McHenry County CoC,930933
111,2015,"IL-501 - Rockford/Winnebago, Boone Counties CoC",1470693
112,2015,"IL-502 - Waukegan, North Chicago/Lake County CoC",2105513
113,2015,"IL-503 - Champaign, Urbana, Rantoul/Champaign County CoC",748586
114,2015,IL-504 - Madison County CoC,1832242
115,2015,"IL-506 - Joliet, Bolingbrook/Will County CoC",3519280
116,2015,"IL-507 - Peoria, Pekin/Fulton, Tazewell, Peoria, Woodford Counties CoC",1786354
117,2015,"IL-508 - East Saint Louis, Belleville/Saint Clair County CoC",3191970
118,2015,IL-509 - DeKalb City and County CoC,611360
119,2015,IL-510 - Chicago CoC,63499383
120,2015,IL-511 - Cook County CoC,11373095
121,2015,IL-512 - Bloomington/Central Illinois CoC,1093888
122,2015,IL-513 - Springfield/Sangamon County CoC,444738
123,2015,IL-514 - Dupage County CoC,4406678
124,2015,IL-515 - South Central Illinois CoC,905114
125,2015,IL-516 - Decatur/Macon County CoC,794348
126,2015,"IL-517 - Aurora, Elgin/Kane County CoC",1621013
127,2015,"IL-518 - Rock Island, Moline/Northwestern Illinois CoC",858536
128,2015,IL-519 - West Central Illinois CoC,650720
129,2015,IL-520 - Southern Illinois CoC,890826
130,2015,"IN-500 - South Bend, Mishawaka/Saint Joseph County CoC",1433183
131,2015,IN-502 - Indiana Balance of State CoC,10496669
132,2015,IN-503 - Indianapolis CoC,4404410
133,2015,KS-501 - Kansas City/Wyandotte County CoC,1648828
134,2015,KS-502 - Wichita/Sedgwick County CoC,2138663
135,2015,KS-503 - Topeka/Shawnee County CoC,1867911
136,2015,"KS-505 - Overland Park, Shawnee/Johnson County CoC",675358
137,2015,KS-507 - Kansas Balance of State CoC,2539223
138,2015,KY-500 - Kentucky Balance of State CoC,7981008
139,2015,KY-501 - Louisville-Jefferson County CoC,9064742
140,2015,KY-502 - Lexington-Fayette County CoC,1589681
141,2015,LA-500 - Lafayette/Acadiana Regional CoC,2474843
142,2015,LA-502 - Shreveport/Bossier/Northwest Louisiana CoC,3890343
143,2015,LA-503 - New Orleans/Jefferson Parish CoC,18367757
144,2015,LA-504 - Baton Rouge CoC,1753358
145,2015,LA-505 - Monroe/Northeast Louisiana CoC,1617421
146,2015,LA-506 - Slidell/Southeast Louisiana CoC,2291529
147,2015,LA-507 - Alexandria/Central Louisiana CoC,704860
148,2015,"LA-508 - Houma-Terrebonne, Thibodaux CoC",1067678
149,2015,LA-509 - Louisiana Balance of State CoC,11407163
150,2015,MA-500 - Boston CoC,22664525
151,2015,MA-502 - Lynn CoC,1784969
152,2015,MA-503 - Cape Cod Islands CoC,1932912
153,2015,MA-504 - Springfield/Hampden County CoC,3230835
154,2015,MA-505 - New Bedford CoC,1684939
155,2015,MA-506 - Worcester City and County CoC,6595065
156,2015,"MA-507 - Pittsfield/Berkshire, Franklin, Hampshire Counties CoC",1797223
157,2015,MA-508 - Lowell CoC,808792
158,2015,MA-509 - Cambridge CoC,4164930
159,2015,"MA-510 - Gloucester, Haverhill, Salem/Essex County CoC",1724266
160,2015,"MA-511 - Quincy, Brockton, Weymouth, Plymouth City and County CoC",5453087
161,2015,MA-515 - Fall River CoC,1749357
162,2015,MA-516 - Massachusetts Balance of State CoC,10239066
163,2015,MA-517 - Somerville CoC,1925107
164,2015,"MA-518 - Brookline, Newton CoC",1476746
165,2015,"MA-519 - Attleboro, Taunton/Bristol County CoC",819144
166,2015,MD-500 - Cumberland/Allegany County CoC,698974
167,2015,MD-501 - Baltimore CoC,20113771
168,2015,MD-502 - Harford County CoC,927130
169,2015,MD-503 - Annapolis/Anne Arundel County CoC,2175878
170,2015,MD-504 - Howard County CoC,789594
171,2015,MD-505 - Baltimore County CoC,2766391
172,2015,MD-506 - Carroll County CoC,390079
173,2015,MD-507 - Cecil County CoC,244476
174,2015,"MD-508 - Charles, Calvert, Saint Mary's Counties CoC",2521547
175,2015,MD-509 - Frederick City and County CoC,569765
176,2015,MD-510 - Garrett County CoC,255878
177,2015,MD-511 - Mid-Shore Regional CoC,723480
178,2015,MD-512 - Hagerstown/Washington County CoC,500970
179,2015,"MD-513 - Wicomico, Somerset, Worcester Counties CoC",1203629
180,2015,MD-600 - Prince George's County CoC,4944748
181,2015,MD-601 - Montgomery County CoC,8202360
182,2015,ME-500 - Maine Balance of State CoC,8667731
183,2015,ME-502 - Portland CoC,3310122
184,2015,MI-500 - Michigan Balance of State CoC,8790201
185,2015,MI-501 - Detroit CoC,26130090
186,2015,"MI-502 - Dearborn, Dearborn Heights, Westland/Wayne County CoC",3380983
187,2015,"MI-503 - Saint Clair Shores, Warren/Macomb County CoC",1197318
188,2015,"MI-504 - Pontiac, Royal Oak/Oakland County CoC",5793784
189,2015,MI-505 - Flint/Genesee County CoC,2294131
190,2015,MI-506 - Grand Rapids/Wyoming/Kent County CoC,5503523
191,2015,"MI-507 - Portage, Kalamazoo City and County CoC",1777855
192,2015,"MI-508 - Lansing, East Lansing/Ingham County CoC",2566614
193,2015,MI-509 - Washtenaw County CoC,5708538
194,2015,MI-510 - Saginaw City and County CoC,1806174
195,2015,MI-511 - Lenawee County CoC,108386
196,2015,"MI-512 - Grand Traverse, Antrim, Leelanau Counties CoC",670841
197,2015,"MI-513 - Marquette, Alger Counties CoC",194878
198,2015,MI-514 - Battle Creek/Calhoun County CoC,326673
199,2015,MI-515 - Monroe City and County CoC,139126
200,2015,"MI-516 - Norton Shores, Muskegon City and County CoC",577163
201,2015,MI-517 - Jackson City and County CoC,905738
202,2015,MI-518 - Livingston County CoC,219545
203,2015,MI-519 - Holland/Ottawa County CoC,1017124
204,2015,MI-523 - Eaton County CoC,895163
205,2015,MN-500 - Minneapolis/Hennepin County CoC,11815635
206,2015,MN-501 - Saint Paul/Ramsey County CoC,6964024
207,2015,MN-502 - Rochester/Southeast Minnesota CoC,1929728
208,2015,"MN-503 - Dakota, Anoka, Washington, Scott, Carver Counties CoC",3758883
209,2015,MN-504 - Northeast Minnesota CoC,442121
210,2015,MN-505 - Saint Cloud/Central Minnesota CoC,1373986
211,2015,MN-506 - Northwest Minnesota CoC,673035
212,2015,MN-508 - Moorhead/West Central Minnesota CoC,862869
213,2015,MN-509 - Duluth/Saint Louis County CoC,3271748
214,2015,MN-511 - Southwest Minnesota CoC,984023
215,2015,MO-500 - Saint Louis County CoC,1598248
216,2015,MO-501 - Saint Louis CoC,10819284
217,2015,"MO-503 - Saint Charles City and County, Lincoln, Warren Counties CoC",292226
218,2015,"MO-600 - Springfield/Greene, Christian, Webster Counties CoC",865457
219,2015,"MO-602 - Joplin/Jasper, Newton Counties CoC",533918
220,2015,"MO-603 - Saint Joseph/Andrew, Buchanan, DeKalb Counties CoC",1257604
221,2015,"MO-604 - Kansas City, Independence, Lee's Summit/Jackson County CoC",11461063
222,2015,MO-606 - Missouri Balance of State CoC,4553354
223,2015,"MS-500 - Jackson/Rankin, Madison Counties CoC",1375970
224,2015,MS-501 - Mississippi Balance of State CoC,3304285
225,2015,MS-503 - Gulf Port/Gulf Coast Regional CoC,763991
226,2015,MT-500 - Montana Statewide CoC,2455596
227,2015,NC-500 - Winston-Salem/Forsyth County CoC,1889617
228,2015,NC-501 - Asheville/Buncombe County CoC,1206824
229,2015,NC-502 - Durham City and County CoC,1322432
230,2015,NC-503 - North Carolina Balance of State CoC,7399611
231,2015,"NC-504 - Greensboro, High Point CoC",1891697
232,2015,NC-505 - Charlotte/Mecklenburg County CoC,3570229
233,2015,"NC-506 - Wilmington/Brunswick, New Hanover, Pender Counties CoC",670702
234,2015,NC-507 - Raleigh/Wake County CoC,3013496
235,2015,NC-511 - Fayetteville/Cumberland County CoC,698580
236,2015,NC-513 - Chapel Hill/Orange County CoC,625299
237,2015,NC-516 - Northwest North Carolina CoC,287951
238,2015,ND-500 - North Dakota Statewide CoC,2047642
239,2015,NE-500 - Nebraska Balance of State CoC,2023586
240,2015,"NE-501 - Omaha, Council Bluffs CoC",4224258
241,2015,NE-502 - Lincoln CoC,2230675
242,2015,NH-500 - New Hampshire Balance of State CoC,3552510
243,2015,NH-501 - Manchester CoC,1537898
244,2015,NH-502 - Nashua/Hillsborough County CoC,1814588
245,2015,NJ-500 - Atlantic City and County CoC,519206
246,2015,NJ-501 - Bergen County CoC,4213917
247,2015,NJ-502 - Burlington County CoC,511020
248,2015,"NJ-503 - Camden City and County/Gloucester, Cape May, Cumberland Counties CoC",3452067
249,2015,NJ-504 - Newark/Essex County CoC,5738188
250,2015,"NJ-506 - Jersey City, Bayonne/Hudson County CoC",5243399
251,2015,NJ-507 - New Brunswick/Middlesex County CoC,2407162
252,2015,NJ-508 - Monmouth County CoC,3073031
253,2015,NJ-509 - Morris County CoC,1756326
254,2015,NJ-510 - Lakewood Township/Ocean County CoC,463677
255,2015,NJ-511 - Paterson/Passaic County CoC,3745554
256,2015,NJ-513 - Somerset County CoC,397461
257,2015,NJ-514 - Trenton/Mercer County CoC,3538791
258,2015,NJ-515 - Elizabeth/Union County CoC,4467480
259,2015,"NJ-516 - Warren, Sussex, Hunterdon Counties CoC",1222609
260,2015,NM-500 - Albuquerque CoC,5681370
261,2015,NM-501 - New Mexico Balance of State CoC,4611587
262,2015,NV-500 - Las Vegas/Clark County CoC,13369068
263,2015,"NV-501 - Reno, Sparks/Washoe County CoC",1575244
264,2015,NV-502 - Nevada Balance of State CoC,610198
265,2015,"NY-500 - Rochester, Irondequoit, Greece/Monroe County CoC",11127315
266,2015,NY-502 - Auburn/Cayuga County CoC,252674
267,2015,NY-503 - Albany City and County CoC,5040772
268,2015,NY-504 - Cattaraugus County CoC,351754
269,2015,"NY-505 - Syracuse, Auburn/Onondaga, Oswego, Cayuga Counties CoC",8296514
270,2015,NY-507 - Schenectady City and County CoC,3867818
271,2015,"NY-508 - Buffalo, Niagara Falls/Erie, Niagara, Orleans, Genesee, Wyoming Counties CoC",10873277
272,2015,NY-510 - Ithaca/Tompkins County CoC,211918
273,2015,"NY-511 - Binghamton, Union Town/Broome, Otsego, Chenango, Delaware, Cortland Counties CoC",1563384
274,2015,NY-512 - Troy/Rensselaer County CoC,3210595
275,2015,"NY-513 - Wayne, Ontario, Seneca, Yates Counties CoC",205097
276,2015,"NY-514 - Jamestown, Dunkirk/Chautauqua County CoC",210874
277,2015,NY-516 - Clinton County CoC,146300
278,2015,"NY-518 - Utica, Rome/Oneida, Madison Counties CoC",3120929
279,2015,"NY-519 - Columbia, Greene Counties CoC",451459
280,2015,NY-520 - Franklin County CoC,89223
281,2015,"NY-522 - Jefferson, Lewis, Saint Lawrence Counties CoC",1267042
282,2015,"NY-523 - Glens Falls, Saratoga Springs/Saratoga, Washington, Warren, Hamilton Counties CoC",1556533
283,2015,NY-600 - New York City CoC,121965844
284,2015,NY-601 - Poughkeepsie/Dutchess County CoC,1338245
285,2015,"NY-602 - Newburgh, Middletown/Orange County CoC",2792412
286,2015,"NY-603 - Nassau, Suffolk Counties CoC",10453402
287,2015,"NY-604 - Yonkers, Mount Vernon/Westchester County CoC",18422848
288,2015,NY-606 - Rockland County CoC,727899
289,2015,NY-607 - Sullivan County CoC,389540
290,2015,NY-608 - Kingston/Ulster County CoC,1169100
291,2015,OH-500 - Cincinnati/Hamilton County CoC,17982669
292,2015,OH-501 - Toledo/Lucas County CoC,4133149
293,2015,OH-502 - Cleveland/Cuyahoga County CoC,26740229
294,2015,OH-503 - Columbus/Franklin County CoC,11753431
295,2015,OH-504 - Youngstown/Mahoning County CoC,1983615
296,2015,"OH-505 - Dayton, Kettering/Montgomery County CoC",8478888
297,2015,OH-506 - Akron/Summit County CoC,4366303
298,2015,OH-507 - Ohio Balance of State CoC,17483191
299,2015,"OH-508 - Canton, Massillon, Alliance/Stark County CoC",2570070
300,2015,OK-500 - North Central Oklahoma CoC,279017
301,2015,OK-501 - Tulsa City and County CoC,2736752
302,2015,OK-502 - Oklahoma City CoC,3507094
303,2015,OK-503 - Oklahoma Balance of State CoC,595293
304,2015,OK-504 - Norman/Cleveland County CoC,373113
305,2015,OK-505 - Northeast Oklahoma CoC,364189
306,2015,OK-506 - Southwest Oklahoma Regional CoC,116234
307,2015,OK-507 - Southeastern Oklahoma Regional CoC,111107
308,2015,"OR-500 - Eugene, Springfield/Lane County CoC",3361210
309,2015,"OR-501 - Portland, Gresham/Multnomah County CoC",19118469
310,2015,"OR-502 - Medford, Ashland/Jackson County CoC",282942
311,2015,OR-503 - Central Oregon CoC,569835
312,2015,OR-505 - Oregon Balance of State CoC,3081444
313,2015,"OR-506 - Hillsboro, Beaverton/Washington County CoC",3393016
314,2015,OR-507 - Clackamas County CoC,2087390
315,2015,PA-500 - Philadelphia CoC,35522132
316,2015,PA-501 - Harrisburg/Dauphin County CoC,1623714
317,2015,"PA-502 - Upper Darby, Chester, Haverford/Delaware County CoC",5128363
318,2015,"PA-503 - Wilkes-Barre, Hazleton, Luzerne County CoC",3995242
319,2015,"PA-504 - Lower Merion, Norristown, Abington/Montgomery County CoC",2865555
320,2015,PA-505 - Chester County CoC,1618855
321,2015,PA-506 - Reading/Berks County CoC,3327453
322,2015,PA-508 - Scranton/Lackawanna County CoC,2588315
323,2015,PA-509 - Eastern Pennsylvania CoC,10803770
324,2015,PA-510 - Lancaster City and County CoC,2007820
325,2015,"PA-511 - Bristol, Bensalem/Bucks County CoC",934433
326,2015,PA-512 - York City and County CoC,1175133
327,2015,"PA-600 - Pittsburgh, McKeesport, Penn Hills/Allegheny County CoC",18215968
328,2015,PA-601 - Western Pennsylvania CoC,8792731
329,2015,PA-603 - Beaver County CoC,1534995
330,2015,PA-605 - Erie City and County CoC,2128578
331,2015,PR-502 - Puerto Rico Balance of Commonwealth CoC,13017927
332,2015,PR-503 - South-Southeast Puerto Rico CoC,5960026
333,2015,RI-500 - Rhode Island Statewide CoC,5985905
334,2015,SC-500 - Charleston/Low Country CoC,1717517
335,2015,"SC-501 - Greenville, Anderson, Spartanburg/Upstate CoC",3291688
336,2015,SC-502 - Columbia/Midlands CoC,3053383
337,2015,"SC-503 - Myrtle Beach, Sumter City and County CoC",1844036
338,2015,SD-500 - South Dakota Statewide CoC,1126640
339,2015,TN-500 - Chattanooga/Southeast Tennessee CoC,2612695
340,2015,TN-501 - Memphis/Shelby County CoC,6716521
341,2015,TN-502 - Knoxville/Knox County CoC,1401099
342,2015,TN-503 - Central Tennessee CoC,1819533
343,2015,TN-504 - Nashville-Davidson County CoC,3138851
344,2015,TN-506 - Upper Cumberland CoC,731977
345,2015,TN-507 - Jackson/West Tennessee CoC,1490638
346,2015,TN-509 - Appalachian Regional CoC,1530908
347,2015,TN-510 - Murfreesboro/Rutherford County CoC,554551
348,2015,"TN-512 - Morristown/Blount, Sevier, Campbell, Cocke Counties CoC",393584
349,2015,TX-500 - San Antonio/Bexar County CoC,8329314
350,2015,TX-503 - Austin/Travis County CoC,5687295
351,2015,"TX-600 - Dallas City and County, Irving CoC",16629599
352,2015,"TX-601 - Fort Worth, Arlington/Tarrant County CoC",11656963
353,2015,TX-603 - El Paso City and County CoC,2758173
354,2015,TX-604 - Waco/McLennan County CoC,978750
355,2015,TX-607 - Texas Balance of State CoC,7686653
356,2015,TX-611 - Amarillo CoC,690955
357,2015,"TX-624 - Wichita Falls/Wise, Palo Pinto, Wichita, Archer Counties CoC",324611
358,2015,"TX-700 - Houston, Pasadena/Harris, Fort Bend Counties CoC",32098014
359,2015,"TX-701 - Bryan, College Station/Brazos Valley CoC",310636
360,2015,UT-500 - Salt Lake City and County CoC,7389067
361,2015,UT-503 - Utah Balance of State CoC,1640766
362,2015,UT-504 - Provo/Mountainland CoC,1089919
363,2015,"VA-500 - Richmond/Henrico, Chesterfield, Hanover Counties CoC",4468766
364,2015,"VA-501 - Norfolk, Chesapeake, Suffolk/Isle of Wight, Southampton Counties CoC",3912825
365,2015,"VA-502 - Roanoke City and County, Salem CoC",836582
366,2015,VA-503 - Virginia Beach CoC,1602194
367,2015,VA-504 - Charlottesville CoC,369106
368,2015,"VA-505 - Newport News, Hampton/Virginia Peninsula CoC",2015935
369,2015,VA-507 - Portsmouth CoC,1157730
370,2015,VA-508 - Lynchburg CoC,338557
371,2015,"VA-513 - Harrisonburg, Winchester/Western Virginia CoC",384701
372,2015,"VA-514 - Fredericksburg/Spotsylvania, Stafford Counties CoC",273082
373,2015,VA-521 - Virginia Balance of State CoC,808025
374,2015,VA-600 - Arlington County CoC,2136575
375,2015,VA-601 - Fairfax County CoC,8373285
376,2015,VA-602 - Loudoun County CoC,167720
377,2015,VA-603 - Alexandria CoC,806998
378,2015,VA-604 - Prince William County CoC,527157
379,2015,VT-500 - Vermont Balance of State CoC,3231669
380,2015,VT-501 - Burlington/Chittenden County CoC,1036720
381,2015,WA-500 - Seattle/King County CoC,35389214
382,2015,WA-501 - Washington Balance of State CoC,6227178
383,2015,WA-502 - Spokane City and County CoC,3822547
384,2015,"WA-503 - Tacoma, Lakewood/Pierce County CoC",3449147
385,2015,WA-504 - Everett/Snohomish County CoC,7900826
386,2015,WA-507 - Yakima City and County CoC,594588
387,2015,WA-508 - Vancouver/Clark County CoC,1517539
388,2015,WI-500 - Wisconsin Balance of State CoC,8773084
389,2015,WI-501 - Milwaukee City and County CoC,10127898
390,2015,WI-502 - Racine City and County CoC,1055535
391,2015,WI-503 - Madison/Dane County CoC,3633373
392,2015,"WV-500 - Wheeling, Weirton Area CoC",412132
393,2015,"WV-501 - Huntington/Cabell, Wayne Counties CoC",2205883
394,2015,"WV-503 - Charleston/Kanawha, Putnam, Boone, Clay Counties CoC",1223874
395,2015,WV-508 - West Virginia Balance of State CoC,3806212
396,2015,WY-500 - Wyoming Statewide CoC,290415
397,2016,AK-500 - Anchorage CoC,2936677
398,2016,AK-501 - Alaska Balance of State CoC,760458
399,2016,"AL-500 - Birmingham/Jefferson, Saint Clair, Shelby Counties CoC",8909627
400,2016,AL-501 - Mobile City and County/Baldwin County CoC,3851277
401,2016,AL-502 - Florence/Northwest Alabama CoC,469366
402,2016,AL-503 - Huntsville/North Alabama CoC,703494
403,2016,AL-504 - Montgomery City and County CoC,2105613
404,2016,AL-506 - Tuscaloosa City and County CoC,216199
405,2016,AL-507 - Alabama Balance of State CoC,916817
406,2016,AR-500 - Little Rock/Central Arkansas CoC,3213437
407,2016,AR-501 - Fayetteville/Northwest Arkansas CoC,382645
408,2016,AR-503 - Arkansas Balance of State CoC,426096
409,2016,AR-505 - Southeast Arkansas CoC,271580
410,2016,AZ-500 - Arizona Balance of State CoC,3999989
411,2016,AZ-501 - Tucson/Pima County CoC,8414896
412,2016,"AZ-502 - Phoenix, Mesa/Maricopa County CoC",25418465
413,2016,"CA-500 - San Jose, Santa Clara City and County CoC",20015353
414,2016,CA-501 - San Francisco CoC,32166773
415,2016,"CA-502 - Oakland, Berkeley/Alameda County CoC",33998867
416,2016,CA-503 - Sacramento City and County CoC,19511838
417,2016,"CA-504 - Santa Rosa, Petaluma/Sonoma County CoC",3076336
418,2016,CA-505 - Richmond/Contra Costa County CoC,13076992
419,2016,"CA-506 - Salinas/Monterey, San Benito Counties CoC",1967620
420,2016,CA-507 - Marin County CoC,3328338
421,2016,CA-508 - Watsonville/Santa Cruz City and County CoC,1953274
422,2016,CA-509 - Mendocino County CoC,1701242
423,2016,"CA-510 - Turlock, Modesto/Stanislaus County CoC",3110273
424,2016,CA-511 - Stockton/San Joaquin County CoC,4290724
425,2016,CA-512 - Daly City/San Mateo County CoC,8583356
426,2016,"CA-513 - Visalia/Kings, Tulare Counties CoC",2188521
427,2016,CA-514 - Fresno City and County/Madera County CoC,9006586
428,2016,"CA-515 - Roseville, Rocklin/Placer, Nevada Counties CoC",1269692
429,2016,"CA-516 - Redding/Shasta, Siskiyou, Lassen, Plumas, Del Norte, Modoc, Sierra Counties CoC",346705
430,2016,CA-517 - Napa City and County CoC,715483
431,2016,CA-518 - Vallejo/Solano County CoC,1288063
432,2016,"CA-519 - Chico, Paradise/Butte County CoC",528301
433,2016,CA-520 - Merced City and County CoC,738049
434,2016,"CA-521 - Davis, Woodland/Yolo County CoC",487860
435,2016,CA-522 - Humboldt County CoC,822933
436,2016,CA-524 - Yuba City and County/Sutter County CoC,2490
437,2016,CA-525 - El Dorado County CoC,9817
438,2016,"CA-526 - Tuolumne, Amador, Calaveras, Mariposa Counties CoC",313976
439,2016,CA-527 - Tehama County CoC,5511
440,2016,"CA-530 - Alpine, Inyo, Mono Counties CoC",3091
441,2016,CA-600 - Los Angeles City and County CoC,104971653
442,2016,CA-601 - San Diego City and County CoC,18229194
443,2016,"CA-602 - Santa Ana, Anaheim/Orange County CoC",22354847
444,2016,CA-603 - Santa Maria/Santa Barbara County CoC,1667801
445,2016,CA-604 - Bakersfield/Kern County CoC,5469432
446,2016,CA-606 - Long Beach CoC,7641265
447,2016,CA-607 - Pasadena CoC,3176554
448,2016,CA-608 - Riverside City and County CoC,9912027
449,2016,CA-609 - San Bernardino City and County CoC,10339584
450,2016,"CA-611 - Oxnard, San Buenaventura/Ventura County CoC",2174740
451,2016,CA-612 - Glendale CoC,2371801
452,2016,CA-613 - Imperial County CoC,191704
453,2016,CA-614 - San Luis Obispo County CoC,928536
454,2016,CO-500 - Colorado Balance of State CoC,2870432
455,2016,CO-503 - Metropolitan Denver CoC,24442543
456,2016,CO-504 - Colorado Springs/El Paso County CoC,2443940
457,2016,"CT-503 - Bridgeport, Stamford, Norwalk/Fairfield County CoC",10192385
458,2016,CT-505 - Connecticut Balance of State CoC,34391375
459,2016,DC-500 - District of Columbia CoC,21390844
460,2016,DE-500 - Delaware Statewide CoC,7858054
461,2016,"FL-500 - Sarasota, Bradenton/Manatee, Sarasota Counties CoC",871530
462,2016,FL-501 - Tampa/Hillsborough County CoC,6242867
463,2016,"FL-502 - Saint Petersburg, Clearwater, Largo/Pinellas County CoC",4037891
464,2016,"FL-503 - Lakeland, Winterhaven/Polk County CoC",1636029
465,2016,"FL-504 - Daytona Beach, Daytona/Volusia, Flagler Counties CoC",1307457
466,2016,"FL-505 - Fort Walton Beach/Okaloosa, Walton Counties CoC",574187
467,2016,FL-506 - Tallahassee/Leon County CoC,1341171
468,2016,"FL-507 - Orlando/Orange, Osceola, Seminole Counties CoC",7445861
469,2016,"FL-508 - Gainesville/Alachua, Putnam Counties CoC",627897
470,2016,"FL-509 - Fort Pierce/Saint Lucie, Indian River, Martin Counties CoC",1577584
471,2016,"FL-510 - Jacksonville-Duval, Clay Counties CoC",4447876
472,2016,"FL-511 - Pensacola/Escambia, Santa Rosa Counties CoC",784376
473,2016,FL-512 - Saint Johns County CoC,133345
474,2016,"FL-513 - Palm Bay, Melbourne/Brevard County CoC",687401
475,2016,FL-514 - Ocala/Marion County CoC,190997
476,2016,"FL-515 - Panama City/Bay, Jackson Counties CoC",52529
477,2016,"FL-517 - Hendry, Hardee, Highlands Counties CoC",179216
478,2016,"FL-518 - Columbia, Hamilton, Lafayette, Suwannee Counties CoC",357356
479,2016,FL-519 - Pasco County CoC,886629
480,2016,"FL-520 - Citrus, Hernando, Lake, Sumter Counties CoC",450265
481,2016,FL-600 - Miami-Dade County CoC,29898527
482,2016,FL-601 - Ft Lauderdale/Broward County CoC,10740809
483,2016,FL-602 - Punta Gorda/Charlotte County CoC,189201
484,2016,"FL-603 - Ft Myers, Cape Coral/Lee County CoC",1661056
485,2016,FL-604 - Monroe County CoC,471296
486,2016,FL-605 - West Palm Beach/Palm Beach County CoC,4946880
487,2016,FL-606 - Naples/Collier County CoC,278807
488,2016,GA-500 - Atlanta CoC,6979344
489,2016,GA-501 - Georgia Balance of State CoC,16095286
490,2016,GA-502 - Fulton County CoC,2604210
491,2016,GA-503 - Athens-Clarke County CoC,663759
492,2016,GA-504 - Augusta-Richmond County CoC,622090
493,2016,GA-505 - Columbus-Muscogee/Russell County CoC,1360498
494,2016,GA-506 - Marietta/Cobb County CoC,2152110
495,2016,GA-507 - Savannah/Chatham County CoC,3389764
496,2016,GA-508 - DeKalb County CoC,4781918
497,2016,HI-500 - Hawaii Balance of State CoC,2146702
498,2016,HI-501 - Honolulu City and County CoC,9372980
499,2016,"IA-500 - Sioux City/Dakota, Woodbury Counties CoC",712980
500,2016,IA-501 - Iowa Balance of State CoC,4755436
501,2016,IA-502 - Des Moines/Polk County CoC,3370014
502,2016,ID-500 - Boise/Ada County CoC,901578
503,2016,ID-501 - Idaho Balance of State CoC,2767872
504,2016,IL-500 - McHenry County CoC,975924
505,2016,"IL-501 - Rockford/Winnebago, Boone Counties CoC",1528983
506,2016,"IL-502 - Waukegan, North Chicago/Lake County CoC",2137755
507,2016,"IL-503 - Champaign, Urbana, Rantoul/Champaign County CoC",710403
508,2016,IL-504 - Madison County CoC,1891803
509,2016,"IL-506 - Joliet, Bolingbrook/Will County CoC",3752278
510,2016,"IL-507 - Peoria, Pekin/Fulton, Tazewell, Peoria, Woodford Counties CoC",1788852
511,2016,"IL-508 - East Saint Louis, Belleville/Saint Clair County CoC",3189769
512,2016,IL-509 - DeKalb City and County CoC,568565
513,2016,IL-510 - Chicago CoC,64921879
514,2016,IL-511 - Cook County CoC,11770688
515,2016,IL-512 - Bloomington/Central Illinois CoC,1022802
516,2016,IL-513 - Springfield/Sangamon County CoC,438717
517,2016,IL-514 - Dupage County CoC,4411902
518,2016,IL-515 - South Central Illinois CoC,902088
519,2016,IL-516 - Decatur/Macon County CoC,790791
520,2016,"IL-517 - Aurora, Elgin/Kane County CoC",1622893
521,2016,"IL-518 - Rock Island, Moline/Northwestern Illinois CoC",943042
522,2016,IL-519 - West Central Illinois CoC,650720
523,2016,IL-520 - Southern Illinois CoC,842336
524,2016,"IN-500 - South Bend, Mishawaka/Saint Joseph County CoC",1435007
525,2016,IN-502 - Indiana Balance of State CoC,11424156
526,2016,IN-503 - Indianapolis CoC,5030641
527,2016,KS-502 - Wichita/Sedgwick County CoC,2479662
528,2016,KS-503 - Topeka/Shawnee County CoC,1780468
529,2016,"KS-505 - Overland Park, Shawnee/Johnson County CoC",677397
530,2016,KS-507 - Kansas Balance of State CoC,2594677
531,2016,KY-500 - Kentucky Balance of State CoC,8113444
532,2016,KY-501 - Louisville-Jefferson County CoC,9448427
533,2016,KY-502 - Lexington-Fayette County CoC,1501736
534,2016,LA-500 - Lafayette/Acadiana Regional CoC,2477638
535,2016,LA-502 - Shreveport/Bossier/Northwest Louisiana CoC,3884305
536,2016,LA-503 - New Orleans/Jefferson Parish CoC,18924229
537,2016,LA-504 - Baton Rouge CoC,1896763
538,2016,LA-505 - Monroe/Northeast Louisiana CoC,1619854
539,2016,LA-506 - Slidell/Southeast Louisiana CoC,2232580
540,2016,LA-507 - Alexandria/Central Louisiana CoC,719772
541,2016,"LA-508 - Houma-Terrebonne, Thibodaux CoC",1084405
542,2016,LA-509 - Louisiana Balance of State CoC,12763966
543,2016,MA-500 - Boston CoC,24583209
544,2016,MA-502 - Lynn CoC,1732766
545,2016,MA-503 - Cape Cod Islands CoC,1758102
546,2016,MA-504 - Springfield/Hampden County CoC,3479984
547,2016,MA-505 - New Bedford CoC,1739069
548,2016,MA-506 - Worcester City and County CoC,6357364
549,2016,"MA-507 - Pittsfield/Berkshire, Franklin, Hampshire Counties CoC",1571830
550,2016,MA-508 - Lowell CoC,833056
551,2016,MA-509 - Cambridge CoC,4141665
552,2016,"MA-510 - Gloucester, Haverhill, Salem/Essex County CoC",1722258
553,2016,"MA-511 - Quincy, Brockton, Weymouth, Plymouth City and County CoC",5530889
554,2016,MA-515 - Fall River CoC,1775574
555,2016,MA-516 - Massachusetts Balance of State CoC,10538415
556,2016,MA-517 - Somerville CoC,1922372
557,2016,"MA-518 - Brookline, Newton CoC",1317531
558,2016,"MA-519 - Attleboro, Taunton/Bristol County CoC",798948
559,2016,MD-500 - Cumberland/Allegany County CoC,650648
560,2016,MD-501 - Baltimore CoC,21106170
561,2016,MD-502 - Harford County CoC,920787
562,2016,MD-503 - Annapolis/Anne Arundel County CoC,2303378
563,2016,MD-504 - Howard County CoC,785410
564,2016,MD-505 - Baltimore County CoC,2766391
565,2016,MD-506 - Carroll County CoC,390453
566,2016,MD-507 - Cecil County CoC,244476
567,2016,"MD-508 - Charles, Calvert, Saint Mary's Counties CoC",2648561
568,2016,MD-509 - Frederick City and County CoC,568257
569,2016,MD-510 - Garrett County CoC,237274
570,2016,MD-511 - Mid-Shore Regional CoC,687157
571,2016,MD-512 - Hagerstown/Washington County CoC,501992
572,2016,"MD-513 - Wicomico, Somerset, Worcester Counties CoC",1231811
573,2016,MD-600 - Prince George's County CoC,4903772
574,2016,MD-601 - Montgomery County CoC,8288534
575,2016,ME-500 - Maine Balance of State CoC,8312302
576,2016,ME-502 - Portland CoC,3498449
577,2016,MI-500 - Michigan Balance of State CoC,8872886
578,2016,MI-501 - Detroit CoC,23662172
579,2016,"MI-502 - Dearborn, Dearborn Heights, Westland/Wayne County CoC",3706890
580,2016,"MI-503 - Saint Clair Shores, Warren/Macomb County CoC",1198139
581,2016,"MI-504 - Pontiac, Royal Oak/Oakland County CoC",5807618
582,2016,MI-505 - Flint/Genesee County CoC,2105600
583,2016,MI-506 - Grand Rapids/Wyoming/Kent County CoC,5511453
584,2016,"MI-507 - Portage, Kalamazoo City and County CoC",1730134
585,2016,"MI-508 - Lansing, East Lansing/Ingham County CoC",2551559
586,2016,MI-509 - Washtenaw County CoC,5733891
587,2016,MI-510 - Saginaw City and County CoC,1806174
588,2016,MI-511 - Lenawee County CoC,107596
589,2016,"MI-512 - Grand Traverse, Antrim, Leelanau Counties CoC",675516
590,2016,"MI-513 - Marquette, Alger Counties CoC",131967
591,2016,MI-514 - Battle Creek/Calhoun County CoC,305356
592,2016,MI-515 - Monroe City and County CoC,129387
593,2016,"MI-516 - Norton Shores, Muskegon City and County CoC",571984
594,2016,MI-517 - Jackson City and County CoC,818093
595,2016,MI-518 - Livingston County CoC,219006
596,2016,MI-519 - Holland/Ottawa County CoC,1017437
597,2016,MI-523 - Eaton County CoC,929250
598,2016,MN-500 - Minneapolis/Hennepin County CoC,11814366
599,2016,MN-501 - Saint Paul/Ramsey County CoC,6976719
600,2016,MN-502 - Rochester/Southeast Minnesota CoC,2130652
601,2016,"MN-503 - Dakota, Anoka, Washington, Scott, Carver Counties CoC",3775053
602,2016,MN-504 - Northeast Minnesota CoC,441917
603,2016,MN-505 - Saint Cloud/Central Minnesota CoC,1406233
604,2016,MN-506 - Northwest Minnesota CoC,672506
605,2016,MN-508 - Moorhead/West Central Minnesota CoC,824001
606,2016,MN-509 - Duluth/Saint Louis County CoC,3045367
607,2016,MN-511 - Southwest Minnesota CoC,984744
608,2016,MO-500 - Saint Louis County CoC,1947438
609,2016,MO-501 - Saint Louis CoC,11327426
610,2016,"MO-503 - Saint Charles City and County, Lincoln, Warren Counties CoC",287447
611,2016,"MO-600 - Springfield/Greene, Christian, Webster Counties CoC",901775
612,2016,"MO-602 - Joplin/Jasper, Newton Counties CoC",549936
613,2016,"MO-603 - Saint Joseph/Andrew, Buchanan, DeKalb Counties CoC",1258363
614,2016,"MO-604 - Kansas City, Independence, Lee's Summit/Jackson, Wyandotte Counties CoC",12834032
615,2016,MO-606 - Missouri Balance of State CoC,4942202
616,2016,"MS-500 - Jackson/Rankin, Madison Counties CoC",1313447
617,2016,MS-501 - Mississippi Balance of State CoC,3241980
618,2016,MS-503 - Gulf Port/Gulf Coast Regional CoC,812476
619,2016,MT-500 - Montana Statewide CoC,2446282
620,2016,NC-500 - Winston-Salem/Forsyth County CoC,1896891
621,2016,NC-501 - Asheville/Buncombe County CoC,1206060
622,2016,NC-502 - Durham City and County CoC,1393651
623,2016,NC-503 - North Carolina Balance of State CoC,8409964
624,2016,"NC-504 - Greensboro, High Point CoC",2006402
625,2016,NC-505 - Charlotte/Mecklenburg County CoC,3659196
626,2016,"NC-506 - Wilmington/Brunswick, New Hanover, Pender Counties CoC",668205
627,2016,NC-507 - Raleigh/Wake County CoC,3187757
628,2016,"NC-509 - Gastonia/Cleveland, Gaston, Lincoln Counties CoC",835476
629,2016,NC-511 - Fayetteville/Cumberland County CoC,698580
630,2016,NC-513 - Chapel Hill/Orange County CoC,656714
631,2016,NC-516 - Northwest North Carolina CoC,288831
632,2016,ND-500 - North Dakota Statewide CoC,1903991
633,2016,NE-500 - Nebraska Balance of State CoC,2027150
634,2016,"NE-501 - Omaha, Council Bluffs CoC",4235409
635,2016,NE-502 - Lincoln CoC,2257143
636,2016,NH-500 - New Hampshire Balance of State CoC,3728711
637,2016,NH-501 - Manchester CoC,1544841
638,2016,NH-502 - Nashua/Hillsborough County CoC,1869026
639,2016,NJ-500 - Atlantic City and County CoC,519516
640,2016,NJ-501 - Bergen County CoC,4787854
641,2016,NJ-502 - Burlington County CoC,478083
642,2016,"NJ-503 - Camden City and County/Gloucester, Cape May, Cumberland Counties CoC",3548788
643,2016,NJ-504 - Newark/Essex County CoC,6604274
644,2016,"NJ-506 - Jersey City, Bayonne/Hudson County CoC",6557997
645,2016,NJ-507 - New Brunswick/Middlesex County CoC,2949971
646,2016,NJ-508 - Monmouth County CoC,3473553
647,2016,NJ-509 - Morris County CoC,1780503
648,2016,NJ-510 - Lakewood Township/Ocean County CoC,566500
649,2016,NJ-511 - Paterson/Passaic County CoC,4090373
650,2016,NJ-512 - Salem County CoC,139618
651,2016,NJ-513 - Somerset County CoC,416211
652,2016,NJ-514 - Trenton/Mercer County CoC,3837859
653,2016,NJ-515 - Elizabeth/Union County CoC,4598725
654,2016,"NJ-516 - Warren, Sussex, Hunterdon Counties CoC",1224785
655,2016,NM-500 - Albuquerque CoC,5794442
656,2016,NM-501 - New Mexico Balance of State CoC,4963571
657,2016,NV-500 - Las Vegas/Clark County CoC,13484302
658,2016,"NV-501 - Reno, Sparks/Washoe County CoC",1703062
659,2016,NV-502 - Nevada Balance of State CoC,574995
660,2016,"NY-500 - Rochester, Irondequoit, Greece/Monroe County CoC",11853955
661,2016,"NY-501 - Elmira/Steuben, Allegany, Livingston, Chemung, Schuyler Counties CoC",1527165
662,2016,NY-503 - Albany City and County CoC,5154071
663,2016,NY-504 - Cattaraugus County CoC,328417
664,2016,"NY-505 - Syracuse, Auburn/Onondaga, Oswego, Cayuga Counties CoC",8658238
665,2016,NY-507 - Schenectady City and County CoC,3975203
666,2016,"NY-508 - Buffalo, Niagara Falls/Erie, Niagara, Orleans, Genesee, Wyoming Counties CoC",11765574
667,2016,NY-510 - Ithaca/Tompkins County CoC,197057
668,2016,"NY-511 - Binghamton, Union Town/Broome, Otsego, Chenango, Delaware, Cortland, Tioga Counties CoC",1607135
669,2016,NY-512 - Troy/Rensselaer County CoC,3292226
670,2016,"NY-513 - Wayne, Ontario, Seneca, Yates Counties CoC",314662
671,2016,"NY-514 - Jamestown, Dunkirk/Chautauqua County CoC",217879
672,2016,NY-516 - Clinton County CoC,143907
673,2016,"NY-518 - Utica, Rome/Oneida, Madison Counties CoC",3110204
674,2016,"NY-519 - Columbia, Greene Counties CoC",450923
675,2016,"NY-520 - Franklin, Essex Counties CoC",88936
676,2016,"NY-522 - Jefferson, Lewis, Saint Lawrence Counties CoC",1297889
677,2016,"NY-523 - Glens Falls, Saratoga Springs/Saratoga, Washington, Warren, Hamilton Counties CoC",1581004
678,2016,NY-600 - New York City CoC,107493608
679,2016,NY-601 - Poughkeepsie/Dutchess County CoC,1338222
680,2016,"NY-602 - Newburgh, Middletown/Orange County CoC",2743298
681,2016,"NY-603 - Nassau, Suffolk Counties CoC",10612648
682,2016,"NY-604 - Yonkers, Mount Vernon/Westchester County CoC",15997082
683,2016,NY-606 - Rockland County CoC,731495
684,2016,NY-607 - Sullivan County CoC,366967
685,2016,NY-608 - Kingston/Ulster County CoC,1166718
686,2016,OH-500 - Cincinnati/Hamilton County CoC,17469842
687,2016,OH-501 - Toledo/Lucas County CoC,4180179
688,2016,OH-502 - Cleveland/Cuyahoga County CoC,26997332
689,2016,OH-503 - Columbus/Franklin County CoC,11968018
690,2016,OH-504 - Youngstown/Mahoning County CoC,1749421
691,2016,"OH-505 - Dayton, Kettering/Montgomery County CoC",8907293
692,2016,OH-506 - Akron/Summit County CoC,4711705
693,2016,OH-507 - Ohio Balance of State CoC,16189733
694,2016,"OH-508 - Canton, Massillon, Alliance/Stark County CoC",2696040
695,2016,OK-500 - North Central Oklahoma CoC,286706
696,2016,OK-501 - Tulsa City and County CoC,2794032
697,2016,OK-502 - Oklahoma City CoC,3230712
698,2016,OK-503 - Oklahoma Balance of State CoC,578363
699,2016,OK-504 - Norman/Cleveland County CoC,408358
700,2016,OK-505 - Northeast Oklahoma CoC,364564
701,2016,OK-506 - Southwest Oklahoma Regional CoC,108098
702,2016,OK-507 - Southeastern Oklahoma Regional CoC,120983
703,2016,"OR-500 - Eugene, Springfield/Lane County CoC",3377840
704,2016,"OR-501 - Portland, Gresham/Multnomah County CoC",21649478
705,2016,"OR-502 - Medford, Ashland/Jackson County CoC",265111
706,2016,OR-503 - Central Oregon CoC,597510
707,2016,OR-505 - Oregon Balance of State CoC,3134740
708,2016,"OR-506 - Hillsboro, Beaverton/Washington County CoC",3367261
709,2016,OR-507 - Clackamas County CoC,2294569
710,2016,PA-500 - Philadelphia CoC,33542976
711,2016,PA-501 - Harrisburg/Dauphin County CoC,1683543
712,2016,"PA-502 - Upper Darby, Chester, Haverford/Delaware County CoC",5141756
713,2016,"PA-503 - Wilkes-Barre, Hazleton, Luzerne County CoC",3917394
714,2016,"PA-504 - Lower Merion, Norristown, Abington/Montgomery County CoC",2973442
715,2016,PA-505 - Chester County CoC,1642543
716,2016,PA-506 - Reading/Berks County CoC,2828868
717,2016,PA-508 - Scranton/Lackawanna County CoC,2586130
718,2016,PA-509 - Eastern Pennsylvania CoC,11077675
719,2016,PA-510 - Lancaster City and County CoC,2311097
720,2016,"PA-511 - Bristol, Bensalem/Bucks County CoC",1174207
721,2016,PA-512 - York City and County CoC,1236933
722,2016,"PA-600 - Pittsburgh, McKeesport, Penn Hills/Allegheny County CoC",17787724
723,2016,PA-601 - Western Pennsylvania CoC,9055226
724,2016,PA-603 - Beaver County CoC,1347740
725,2016,PA-605 - Erie City and County CoC,2267190
726,2016,PR-502 - Puerto Rico Balance of Commonwealth CoC,13057303
727,2016,PR-503 - South-Southeast Puerto Rico CoC,5658674
728,2016,RI-500 - Rhode Island Statewide CoC,5932887
729,2016,SC-500 - Charleston/Low Country CoC,1719596
730,2016,"SC-501 - Greenville, Anderson, Spartanburg/Upstate CoC",3240222
731,2016,SC-502 - Columbia/Midlands CoC,2856086
732,2016,"SC-503 - Myrtle Beach, Sumter City and County CoC",1918122
733,2016,SD-500 - South Dakota Statewide CoC,1264095
734,2016,TN-500 - Chattanooga/Southeast Tennessee CoC,2589462
735,2016,TN-501 - Memphis/Shelby County CoC,6706950
736,2016,TN-502 - Knoxville/Knox County CoC,1390506
737,2016,TN-503 - Central Tennessee CoC,1816073
738,2016,TN-504 - Nashville-Davidson County CoC,3234117
739,2016,TN-506 - Upper Cumberland CoC,780613
740,2016,TN-507 - Jackson/West Tennessee CoC,1546745
741,2016,TN-509 - Appalachian Regional CoC,1528834
742,2016,TN-510 - Murfreesboro/Rutherford County CoC,525674
743,2016,"TN-512 - Morristown/Blount, Sevier, Campbell, Cocke Counties CoC",492136
744,2016,TX-500 - San Antonio/Bexar County CoC,8654457
745,2016,TX-503 - Austin/Travis County CoC,5686658
746,2016,"TX-600 - Dallas City and County, Irving CoC",15979190
747,2016,"TX-601 - Fort Worth, Arlington/Tarrant County CoC",11323933
748,2016,TX-603 - El Paso City and County CoC,2763916
749,2016,TX-604 - Waco/McLennan County CoC,988312
750,2016,TX-607 - Texas Balance of State CoC,6499737
751,2016,TX-611 - Amarillo CoC,595303
752,2016,"TX-624 - Wichita Falls/Wise, Palo Pinto, Wichita, Archer Counties CoC",301888
753,2016,"TX-700 - Houston, Pasadena, Conroe/Harris, Fort Bend, Montgomery Counties CoC",33233058
754,2016,"TX-701 - Bryan, College Station/Brazos Valley CoC",288891
755,2016,UT-500 - Salt Lake City and County CoC,7291633
756,2016,UT-503 - Utah Balance of State CoC,1819427
757,2016,UT-504 - Provo/Mountainland CoC,978525
758,2016,"VA-500 - Richmond/Henrico, Chesterfield, Hanover Counties CoC",4346322
759,2016,"VA-501 - Norfolk, Chesapeake, Suffolk/Isle of Wight, Southampton Counties CoC",3903688
760,2016,"VA-502 - Roanoke City and County, Salem CoC",835191
761,2016,VA-503 - Virginia Beach CoC,1401011
762,2016,VA-504 - Charlottesville CoC,364572
763,2016,"VA-505 - Newport News, Hampton/Virginia Peninsula CoC",2017216
764,2016,VA-507 - Portsmouth CoC,1204885
765,2016,VA-508 - Lynchburg CoC,359813
766,2016,"VA-513 - Harrisonburg, Winchester/Western Virginia CoC",361353
767,2016,"VA-514 - Fredericksburg/Spotsylvania, Stafford Counties CoC",273731
768,2016,VA-521 - Virginia Balance of State CoC,891945
769,2016,VA-600 - Arlington County CoC,2539044
770,2016,VA-601 - Fairfax County CoC,8421041
771,2016,VA-602 - Loudoun County CoC,167480
772,2016,VA-603 - Alexandria CoC,808196
773,2016,VA-604 - Prince William County CoC,564657
774,2016,VT-500 - Vermont Balance of State CoC,3335037
775,2016,VT-501 - Burlington/Chittenden County CoC,1143175
776,2016,WA-500 - Seattle/King County CoC,35035952
777,2016,WA-501 - Washington Balance of State CoC,6373115
778,2016,WA-502 - Spokane City and County CoC,3776210
779,2016,"WA-503 - Tacoma, Lakewood/Pierce County CoC",3303548
780,2016,WA-504 - Everett/Snohomish County CoC,7982600
781,2016,WA-507 - Yakima City and County CoC,503296
782,2016,WA-508 - Vancouver/Clark County CoC,1738388
783,2016,WI-500 - Wisconsin Balance of State CoC,9101147
784,2016,WI-501 - Milwaukee City and County CoC,10453943
785,2016,WI-502 - Racine City and County CoC,874678
786,2016,WI-503 - Madison/Dane County CoC,3156593
787,2016,"WV-500 - Wheeling, Weirton Area CoC",413181
788,2016,"WV-501 - Huntington/Cabell, Wayne Counties CoC",2208890
789,2016,"WV-503 - Charleston/Kanawha, Putnam, Boone, Clay Counties CoC",1223910
790,2016,WV-508 - West Virginia Balance of State CoC,4018831
791,2016,WY-500 - Wyoming Statewide CoC,291611
792,2017,AK-500 - Anchorage CoC,2932595
793,2017,AK-501 - Alaska Balance of State CoC,798651
794,2017,"AL-500 - Birmingham/Jefferson, Saint Clair, Shelby Counties CoC",9368654
795,2017,AL-501 - Mobile City and County/Baldwin County CoC,3853644
796,2017,AL-502 - Florence/Northwest Alabama CoC,464413
797,2017,AL-503 - Huntsville/North Alabama CoC,675817
798,2017,AL-504 - Montgomery City and County CoC,2032293
799,2017,AL-506 - Tuscaloosa City and County CoC,199627
800,2017,AL-507 - Alabama Balance of State CoC,1208530
801,2017,AR-500 - Little Rock/Central Arkansas CoC,3171571
802,2017,AR-501 - Fayetteville/Northwest Arkansas CoC,376240
803,2017,AR-503 - Arkansas Balance of State CoC,458189
804,2017,AR-505 - Southeast Arkansas CoC,257589
805,2017,"AR-512 - Boone, Baxter, Marion, Newton Counties CoC",6980
806,2017,AZ-500 - Arizona Balance of State CoC,3996879
807,2017,AZ-501 - Tucson/Pima County CoC,8640835
808,2017,"AZ-502 - Phoenix, Mesa/Maricopa County CoC",25888759
809,2017,"CA-500 - San Jose, Santa Clara City and County CoC",21891818
810,2017,CA-501 - San Francisco CoC,41476960
811,2017,"CA-502 - Oakland, Berkeley/Alameda County CoC",35327971
812,2017,CA-503 - Sacramento City and County CoC,20180083
813,2017,"CA-504 - Santa Rosa, Petaluma/Sonoma County CoC",3312364
814,2017,CA-505 - Richmond/Contra Costa County CoC,14617036
815,2017,"CA-506 - Salinas/Monterey, San Benito Counties CoC",1864863
816,2017,CA-507 - Marin County CoC,4292518
817,2017,CA-508 - Watsonville/Santa Cruz City and County CoC,2624602
818,2017,CA-509 - Mendocino County CoC,1619739
819,2017,"CA-510 - Turlock, Modesto/Stanislaus County CoC",3231538
820,2017,CA-511 - Stockton/San Joaquin County CoC,4414672
821,2017,CA-512 - Daly City/San Mateo County CoC,11536494
822,2017,"CA-513 - Visalia/Kings, Tulare Counties CoC",2321272
823,2017,CA-514 - Fresno City and County/Madera County CoC,9390872
824,2017,"CA-515 - Roseville, Rocklin/Placer, Nevada Counties CoC",1264104
825,2017,"CA-516 - Redding/Shasta, Siskiyou, Lassen, Plumas, Del Norte, Modoc, Sierra Counties CoC",346035
826,2017,CA-517 - Napa City and County CoC,745886
827,2017,CA-518 - Vallejo/Solano County CoC,1284935
828,2017,"CA-519 - Chico, Paradise/Butte County CoC",559817
829,2017,CA-520 - Merced City and County CoC,739284
830,2017,"CA-521 - Davis, Woodland/Yolo County CoC",490890
831,2017,CA-522 - Humboldt County CoC,858332
832,2017,"CA-523 - Colusa, Glenn, Trinity Counties CoC",6469
833,2017,CA-524 - Yuba City and County/Sutter County CoC,2490
834,2017,CA-525 - El Dorado County CoC,19147
835,2017,"CA-526 - Tuolumne, Amador, Calaveras, Mariposa Counties CoC",301121
836,2017,CA-527 - Tehama County CoC,5524
837,2017,"CA-530 - Alpine, Inyo, Mono Counties CoC",3164
838,2017,CA-600 - Los Angeles City and County CoC,109398295
839,2017,CA-601 - San Diego City and County CoC,20035551
840,2017,"CA-602 - Santa Ana, Anaheim/Orange County CoC",23458682
841,2017,CA-603 - Santa Maria/Santa Barbara County CoC,1733165
842,2017,CA-604 - Bakersfield/Kern County CoC,5544186
843,2017,CA-606 - Long Beach CoC,8185190
844,2017,CA-607 - Pasadena CoC,3255774
845,2017,CA-608 - Riverside City and County CoC,9978890
846,2017,CA-609 - San Bernardino City and County CoC,10415784
847,2017,"CA-611 - Oxnard, San Buenaventura/Ventura County CoC",2291894
848,2017,CA-612 - Glendale CoC,2416477
849,2017,CA-613 - Imperial County CoC,178875
850,2017,CA-614 - San Luis Obispo County CoC,944314
851,2017,CO-500 - Colorado Balance of State CoC,2908936
852,2017,CO-503 - Metropolitan Denver CoC,25279492
853,2017,CO-504 - Colorado Springs/El Paso County CoC,2404868
854,2017,"CT-503 - Bridgeport, Stamford, Norwalk/Fairfield County CoC",10561977
855,2017,CT-505 - Connecticut Balance of State CoC,35307559
856,2017,DC-500 - District of Columbia CoC,22090633
857,2017,DE-500 - Delaware Statewide CoC,7952480
858,2017,"FL-500 - Sarasota, Bradenton/Manatee, Sarasota Counties CoC",959495
859,2017,FL-501 - Tampa/Hillsborough County CoC,6317794
860,2017,"FL-502 - Saint Petersburg, Clearwater, Largo/Pinellas County CoC",4075020
861,2017,"FL-503 - Lakeland, Winterhaven/Polk County CoC",1863611
862,2017,"FL-504 - Daytona Beach, Daytona/Volusia, Flagler Counties CoC",1359720
863,2017,"FL-505 - Fort Walton Beach/Okaloosa, Walton Counties CoC",622419
864,2017,FL-506 - Tallahassee/Leon County CoC,1353425
865,2017,"FL-507 - Orlando/Orange, Osceola, Seminole Counties CoC",7550681
866,2017,"FL-508 - Gainesville/Alachua, Putnam Counties CoC",695392
867,2017,"FL-509 - Fort Pierce/Saint Lucie, Indian River, Martin Counties CoC",1675076
868,2017,"FL-510 - Jacksonville-Duval, Clay Counties CoC",4478205
869,2017,"FL-511 - Pensacola/Escambia, Santa Rosa Counties CoC",757069
870,2017,FL-512 - Saint Johns County CoC,128228
871,2017,"FL-513 - Palm Bay, Melbourne/Brevard County CoC",689017
872,2017,FL-514 - Ocala/Marion County CoC,289901
873,2017,"FL-515 - Panama City/Bay, Jackson Counties CoC",52548
874,2017,"FL-517 - Hendry, Hardee, Highlands Counties CoC",181258
875,2017,"FL-518 - Columbia, Hamilton, Lafayette, Suwannee Counties CoC",350172
876,2017,FL-519 - Pasco County CoC,896530
877,2017,"FL-520 - Citrus, Hernando, Lake, Sumter Counties CoC",402698
878,2017,FL-600 - Miami-Dade County CoC,30682032
879,2017,FL-601 - Ft Lauderdale/Broward County CoC,10809436
880,2017,FL-602 - Punta Gorda/Charlotte County CoC,207098
881,2017,"FL-603 - Ft Myers, Cape Coral/Lee County CoC",1739532
882,2017,FL-604 - Monroe County CoC,493681
883,2017,FL-605 - West Palm Beach/Palm Beach County CoC,5357650
884,2017,FL-606 - Naples/Collier County CoC,286151
885,2017,GA-500 - Atlanta CoC,7244948
886,2017,GA-501 - Georgia Balance of State CoC,17970632
887,2017,GA-502 - Fulton County CoC,2570781
888,2017,GA-503 - Athens-Clarke County CoC,729515
889,2017,GA-504 - Augusta-Richmond County CoC,645136
890,2017,GA-505 - Columbus-Muscogee/Russell County CoC,1401337
891,2017,GA-506 - Marietta/Cobb County CoC,2200978
892,2017,GA-507 - Savannah/Chatham County CoC,3266642
893,2017,GA-508 - DeKalb County CoC,5002841
894,2017,HI-500 - Hawaii Balance of State CoC,2408944
895,2017,HI-501 - Honolulu City and County CoC,9353552
896,2017,"IA-500 - Sioux City/Dakota, Woodbury Counties CoC",722532
897,2017,IA-501 - Iowa Balance of State CoC,4970453
898,2017,IA-502 - Des Moines/Polk County CoC,3415691
899,2017,ID-500 - Boise/Ada County CoC,916120
900,2017,ID-501 - Idaho Balance of State CoC,2801256
901,2017,IL-500 - McHenry County CoC,956314
902,2017,"IL-501 - Rockford/Winnebago, Boone Counties CoC",1509896
903,2017,"IL-502 - Waukegan, North Chicago/Lake County CoC",2064452
904,2017,"IL-503 - Champaign, Urbana, Rantoul/Champaign County CoC",713497
905,2017,IL-504 - Madison County CoC,1870011
906,2017,"IL-506 - Joliet, Bolingbrook/Will County CoC",4075624
907,2017,"IL-507 - Peoria, Pekin/Fulton, Tazewell, Peoria, Woodford Counties CoC",1790507
908,2017,"IL-508 - East Saint Louis, Belleville/Saint Clair County CoC",3240582
909,2017,IL-509 - DeKalb City and County CoC,580973
910,2017,IL-510 - Chicago CoC,68304040
911,2017,IL-511 - Cook County CoC,12080398
912,2017,IL-512 - Bloomington/Central Illinois CoC,1008666
913,2017,IL-513 - Springfield/Sangamon County CoC,415203
914,2017,IL-514 - Dupage County CoC,4654874
915,2017,IL-515 - South Central Illinois CoC,912737
916,2017,IL-516 - Decatur/Macon County CoC,790791
917,2017,"IL-517 - Aurora, Elgin/Kane County CoC",1765661
918,2017,"IL-518 - Rock Island, Moline/Northwestern Illinois CoC",902842
919,2017,IL-519 - West Central Illinois CoC,660511
920,2017,IL-520 - Southern Illinois CoC,813941
921,2017,IN-502 - Indiana Balance of State CoC,14045129
922,2017,IN-503 - Indianapolis CoC,5255658
923,2017,KS-502 - Wichita/Sedgwick County CoC,2575661
924,2017,KS-503 - Topeka/Shawnee County CoC,1935736
925,2017,"KS-505 - Overland Park, Shawnee/Johnson County CoC",704323
926,2017,KS-507 - Kansas Balance of State CoC,2620000
927,2017,KY-500 - Kentucky Balance of State CoC,8344234
928,2017,KY-501 - Louisville-Jefferson County CoC,9551760
929,2017,KY-502 - Lexington-Fayette County CoC,1493288
930,2017,LA-500 - Lafayette/Acadiana Regional CoC,2612552
931,2017,LA-502 - Shreveport/Bossier/Northwest Louisiana CoC,4039037
932,2017,LA-503 - New Orleans/Jefferson Parish CoC,19076053
933,2017,LA-505 - Monroe/Northeast Louisiana CoC,1656441
934,2017,LA-506 - Slidell/Southeast Louisiana CoC,2197826
935,2017,LA-507 - Alexandria/Central Louisiana CoC,737471
936,2017,"LA-508 - Houma-Terrebonne, Thibodaux CoC",1095849
937,2017,LA-509 - Louisiana Balance of State CoC,15634597
938,2017,MA-500 - Boston CoC,26368398
939,2017,MA-502 - Lynn CoC,1845974
940,2017,MA-503 - Cape Cod Islands CoC,1649356
941,2017,MA-504 - Springfield/Hampden County CoC,3810961
942,2017,MA-505 - New Bedford CoC,1721502
943,2017,MA-506 - Worcester City and County CoC,6380237
944,2017,"MA-507 - Pittsfield/Berkshire, Franklin, Hampshire Counties CoC",1709231
945,2017,MA-508 - Lowell CoC,846908
946,2017,MA-509 - Cambridge CoC,4443240
947,2017,"MA-510 - Gloucester, Haverhill, Salem/Essex County CoC",1817233
948,2017,"MA-511 - Quincy, Brockton, Weymouth, Plymouth City and County CoC",5708410
949,2017,MA-515 - Fall River CoC,1743743
950,2017,MA-516 - Massachusetts Balance of State CoC,12777016
951,2017,MA-517 - Somerville CoC,1921025
952,2017,"MA-519 - Attleboro, Taunton/Bristol County CoC",809318
953,2017,MD-500 - Cumberland/Allegany County CoC,661652
954,2017,MD-501 - Baltimore CoC,21447046
955,2017,MD-502 - Harford County CoC,944769
956,2017,MD-503 - Annapolis/Anne Arundel County CoC,2420435
957,2017,MD-504 - Howard County CoC,768634
958,2017,MD-505 - Baltimore County CoC,2875569
959,2017,MD-506 - Carroll County CoC,406325
960,2017,MD-507 - Cecil County CoC,252206
961,2017,"MD-508 - Charles, Calvert, Saint Mary's Counties CoC",2827653
962,2017,MD-509 - Frederick City and County CoC,598170
963,2017,MD-510 - Garrett County CoC,249595
964,2017,MD-511 - Mid-Shore Regional CoC,762931
965,2017,MD-512 - Hagerstown/Washington County CoC,494672
966,2017,"MD-513 - Wicomico, Somerset, Worcester Counties CoC",1249597
967,2017,MD-600 - Prince George's County CoC,5382710
968,2017,MD-601 - Montgomery County CoC,8879588
969,2017,ME-500 - Maine Balance of State CoC,12932975
970,2017,MI-500 - Michigan Balance of State CoC,9091021
971,2017,MI-501 - Detroit CoC,25461727
972,2017,"MI-502 - Dearborn, Dearborn Heights, Westland/Wayne County CoC",3891144
973,2017,"MI-503 - Saint Clair Shores, Warren/Macomb County CoC",1248683
974,2017,"MI-504 - Pontiac, Royal Oak/Oakland County CoC",6037945
975,2017,MI-505 - Flint/Genesee County CoC,2058079
976,2017,MI-506 - Grand Rapids/Wyoming/Kent County CoC,5678115
977,2017,"MI-507 - Portage, Kalamazoo City and County CoC",1695277
978,2017,"MI-508 - Lansing, East Lansing/Ingham County CoC",2501877
979,2017,MI-509 - Washtenaw County CoC,5755670
980,2017,MI-510 - Saginaw City and County CoC,1884846
981,2017,MI-511 - Lenawee County CoC,109914
982,2017,"MI-512 - Grand Traverse, Antrim, Leelanau Counties CoC",692000
983,2017,"MI-513 - Marquette, Alger Counties CoC",124049
984,2017,MI-514 - Battle Creek/Calhoun County CoC,311584
985,2017,MI-515 - Monroe City and County CoC,131448
986,2017,"MI-516 - Norton Shores, Muskegon City and County CoC",572710
987,2017,MI-517 - Jackson City and County CoC,849666
988,2017,MI-518 - Livingston County CoC,231017
989,2017,MI-519 - Holland/Ottawa County CoC,1046885
990,2017,MI-523 - Eaton County CoC,927142
991,2017,MN-500 - Minneapolis/Hennepin County CoC,12360882
992,2017,MN-501 - Saint Paul/Ramsey County CoC,7204786
993,2017,MN-502 - Rochester/Southeast Minnesota CoC,2196280
994,2017,"MN-503 - Dakota, Anoka, Washington, Scott, Carver Counties CoC",3929541
995,2017,MN-504 - Northeast Minnesota CoC,444029
996,2017,MN-505 - Saint Cloud/Central Minnesota CoC,1389172
997,2017,MN-506 - Northwest Minnesota CoC,692180
998,2017,MN-508 - Moorhead/West Central Minnesota CoC,825548
999,2017,MN-509 - Duluth/Saint Louis County CoC,3053541
1000,2017,MN-511 - Southwest Minnesota CoC,998307
1001,2017,MO-500 - Saint Louis County CoC,2043476
1002,2017,MO-501 - Saint Louis CoC,11811783
1003,2017,"MO-503 - Saint Charles City and County, Lincoln, Warren Counties CoC",348919
1004,2017,"MO-600 - Springfield/Greene, Christian, Webster Counties CoC",977699
1005,2017,"MO-602 - Joplin/Jasper, Newton Counties CoC",576870
1006,2017,"MO-603 - Saint Joseph/Andrew, Buchanan, DeKalb Counties CoC",1276389
1007,2017,"MO-604 - Kansas City, Independence, Lee's Summit/Jackson, Wyandotte Counties CoC",13556575
1008,2017,MO-606 - Missouri Balance of State CoC,5138708
1009,2017,"MS-500 - Jackson/Rankin, Madison Counties CoC",917234
1010,2017,MS-501 - Mississippi Balance of State CoC,3274205
1011,2017,MS-503 - Gulf Port/Gulf Coast Regional CoC,834942
1012,2017,MT-500 - Montana Statewide CoC,2500597
1013,2017,NC-500 - Winston-Salem/Forsyth County CoC,2011535
1014,2017,NC-501 - Asheville/Buncombe County CoC,1289398
1015,2017,NC-502 - Durham City and County CoC,1290365
1016,2017,NC-503 - North Carolina Balance of State CoC,8613808
1017,2017,"NC-504 - Greensboro, High Point CoC",2049626
1018,2017,NC-505 - Charlotte/Mecklenburg County CoC,3812578
1019,2017,"NC-506 - Wilmington/Brunswick, New Hanover, Pender Counties CoC",677710
1020,2017,NC-507 - Raleigh/Wake County CoC,3352007
1021,2017,"NC-509 - Gastonia/Cleveland, Gaston, Lincoln Counties CoC",803103
1022,2017,NC-511 - Fayetteville/Cumberland County CoC,703508
1023,2017,NC-513 - Chapel Hill/Orange County CoC,683639
1024,2017,NC-516 - Northwest North Carolina CoC,289952
1025,2017,ND-500 - North Dakota Statewide CoC,1816359
1026,2017,NE-500 - Nebraska Balance of State CoC,2062221
1027,2017,"NE-501 - Omaha, Council Bluffs CoC",4666784
1028,2017,NE-502 - Lincoln CoC,2321900
1029,2017,NH-500 - New Hampshire Balance of State CoC,3860250
1030,2017,NH-501 - Manchester CoC,1524628
1031,2017,NH-502 - Nashua/Hillsborough County CoC,1869026
1032,2017,NJ-500 - Atlantic City and County CoC,573077
1033,2017,NJ-501 - Bergen County CoC,5052351
1034,2017,NJ-502 - Burlington County CoC,511508
1035,2017,"NJ-503 - Camden City and County/Gloucester, Cape May, Cumberland Counties CoC",3586935
1036,2017,NJ-504 - Newark/Essex County CoC,6310835
1037,2017,"NJ-506 - Jersey City, Bayonne/Hudson County CoC",6599004
1038,2017,NJ-507 - New Brunswick/Middlesex County CoC,3115656
1039,2017,NJ-508 - Monmouth County CoC,3479344
1040,2017,NJ-509 - Morris County CoC,1773495
1041,2017,NJ-510 - Lakewood Township/Ocean County CoC,612635
1042,2017,NJ-511 - Paterson/Passaic County CoC,4256254
1043,2017,NJ-512 - Salem County CoC,141059
1044,2017,NJ-513 - Somerset County CoC,424970
1045,2017,NJ-514 - Trenton/Mercer County CoC,3996051
1046,2017,NJ-515 - Elizabeth/Union County CoC,4256465
1047,2017,"NJ-516 - Warren, Sussex, Hunterdon Counties CoC",1210313
1048,2017,NM-500 - Albuquerque CoC,5601571
1049,2017,NM-501 - New Mexico Balance of State CoC,5126788
1050,2017,NV-500 - Las Vegas/Clark County CoC,13597125
1051,2017,"NV-501 - Reno, Sparks/Washoe County CoC",1707408
1052,2017,NV-502 - Nevada Balance of State CoC,558309
1053,2017,"NY-500 - Rochester, Irondequoit, Greece/Monroe County CoC",12425702
1054,2017,"NY-501 - Elmira/Steuben, Allegany, Livingston, Chemung, Schuyler Counties CoC",1541787
1055,2017,NY-503 - Albany City and County CoC,5185778
1056,2017,NY-504 - Cattaraugus County CoC,328323
1057,2017,"NY-505 - Syracuse, Auburn/Onondaga, Oswego, Cayuga Counties CoC",8728263
1058,2017,NY-507 - Schenectady City and County CoC,3975845
1059,2017,"NY-508 - Buffalo, Niagara Falls/Erie, Niagara, Orleans, Genesee, Wyoming Counties CoC",12123086
1060,2017,NY-510 - Ithaca/Tompkins County CoC,220812
1061,2017,"NY-511 - Binghamton, Union Town/Broome, Otsego, Chenango, Delaware, Cortland, Tioga Counties CoC",1675462
1062,2017,NY-512 - Troy/Rensselaer County CoC,3315773
1063,2017,"NY-513 - Wayne, Ontario, Seneca, Yates Counties CoC",327362
1064,2017,"NY-514 - Jamestown, Dunkirk/Chautauqua County CoC",224360
1065,2017,NY-516 - Clinton County CoC,146634
1066,2017,"NY-518 - Utica, Rome/Oneida, Madison Counties CoC",3291261
1067,2017,"NY-519 - Columbia, Greene Counties CoC",463953
1068,2017,"NY-520 - Franklin, Essex Counties CoC",90731
1069,2017,"NY-522 - Jefferson, Lewis, Saint Lawrence Counties CoC",1290975
1070,2017,"NY-523 - Glens Falls, Saratoga Springs/Saratoga, Washington, Warren, Hamilton Counties CoC",1575064
1071,2017,NY-600 - New York City CoC,107934572
1072,2017,NY-601 - Poughkeepsie/Dutchess County CoC,1336134
1073,2017,"NY-602 - Newburgh, Middletown/Orange County CoC",2629426
1074,2017,"NY-603 - Nassau, Suffolk Counties CoC",12114951
1075,2017,"NY-604 - Yonkers, Mount Vernon/Westchester County CoC",17535267
1076,2017,NY-606 - Rockland County CoC,850221
1077,2017,NY-607 - Sullivan County CoC,303643
1078,2017,NY-608 - Kingston/Ulster County CoC,1172226
1079,2017,OH-500 - Cincinnati/Hamilton County CoC,17176939
1080,2017,OH-501 - Toledo/Lucas County CoC,4303927
1081,2017,OH-502 - Cleveland/Cuyahoga County CoC,27022106
1082,2017,OH-503 - Columbus/Franklin County CoC,12018118
1083,2017,OH-504 - Youngstown/Mahoning County CoC,1805621
1084,2017,"OH-505 - Dayton, Kettering/Montgomery County CoC",9475557
1085,2017,OH-506 - Akron/Summit County CoC,4718199
1086,2017,OH-507 - Ohio Balance of State CoC,16297839
1087,2017,"OH-508 - Canton, Massillon, Alliance/Stark County CoC",3021970
1088,2017,OK-500 - North Central Oklahoma CoC,276320
1089,2017,OK-501 - Tulsa City and County CoC,2669333
1090,2017,OK-502 - Oklahoma City CoC,3558289
1091,2017,OK-503 - Oklahoma Balance of State CoC,587289
1092,2017,OK-504 - Norman/Cleveland County CoC,414808
1093,2017,OK-505 - Northeast Oklahoma CoC,373908
1094,2017,OK-506 - Southwest Oklahoma Regional CoC,117578
1095,2017,OK-507 - Southeastern Oklahoma Regional CoC,126381
1096,2017,"OR-500 - Eugene, Springfield/Lane County CoC",3461909
1097,2017,"OR-501 - Portland, Gresham/Multnomah County CoC",22902688
1098,2017,"OR-502 - Medford, Ashland/Jackson County CoC",257733
1099,2017,OR-503 - Central Oregon CoC,613831
1100,2017,OR-505 - Oregon Balance of State CoC,3165384
1101,2017,"OR-506 - Hillsboro, Beaverton/Washington County CoC",3467881
1102,2017,OR-507 - Clackamas County CoC,2420021
1103,2017,PA-500 - Philadelphia CoC,33850808
1104,2017,PA-501 - Harrisburg/Dauphin County CoC,1723525
1105,2017,"PA-502 - Upper Darby, Chester, Haverford/Delaware County CoC",5037257
1106,2017,"PA-503 - Wilkes-Barre, Hazleton, Luzerne County CoC",4145104
1107,2017,"PA-504 - Lower Merion, Norristown, Abington/Montgomery County CoC",2974858
1108,2017,PA-505 - Chester County CoC,1646023
1109,2017,PA-506 - Reading/Berks County CoC,2860315
1110,2017,PA-508 - Scranton/Lackawanna County CoC,2759076
1111,2017,PA-509 - Eastern Pennsylvania CoC,11926872
1112,2017,PA-510 - Lancaster City and County CoC,2391713
1113,2017,"PA-511 - Bristol, Bensalem/Bucks County CoC",1202908
1114,2017,PA-512 - York City and County CoC,1278307
1115,2017,"PA-600 - Pittsburgh, McKeesport, Penn Hills/Allegheny County CoC",17804312
1116,2017,PA-601 - Western Pennsylvania CoC,9424572
1117,2017,PA-603 - Beaver County CoC,1350432
1118,2017,PA-605 - Erie City and County CoC,2207402
1119,2017,PR-502 - Puerto Rico Balance of Commonwealth CoC,13495946
1120,2017,PR-503 - South-Southeast Puerto Rico CoC,5887787
1121,2017,RI-500 - Rhode Island Statewide CoC,5796184
1122,2017,SC-500 - Charleston/Low Country CoC,1779733
1123,2017,"SC-501 - Greenville, Anderson, Spartanburg/Upstate CoC",2948636
1124,2017,SC-502 - Columbia/Midlands CoC,3188334
1125,2017,"SC-503 - Myrtle Beach, Sumter City and County CoC",2037608
1126,2017,SD-500 - South Dakota Statewide CoC,1294469
1127,2017,TN-500 - Chattanooga/Southeast Tennessee CoC,2625867
1128,2017,TN-501 - Memphis/Shelby County CoC,6753127
1129,2017,TN-502 - Knoxville/Knox County CoC,1373859
1130,2017,TN-503 - Central Tennessee CoC,1836040
1131,2017,TN-504 - Nashville-Davidson County CoC,3210260
1132,2017,TN-506 - Upper Cumberland CoC,746137
1133,2017,TN-507 - Jackson/West Tennessee CoC,1512509
1134,2017,TN-509 - Appalachian Regional CoC,1540859
1135,2017,TN-510 - Murfreesboro/Rutherford County CoC,616756
1136,2017,"TN-512 - Morristown/Blount, Sevier, Campbell, Cocke Counties CoC",520154
1137,2017,TX-500 - San Antonio/Bexar County CoC,9175480
1138,2017,TX-503 - Austin/Travis County CoC,5935642
1139,2017,"TX-600 - Dallas City and County, Irving CoC",16216952
1140,2017,"TX-601 - Fort Worth, Arlington/Tarrant County CoC",12259386
1141,2017,TX-603 - El Paso City and County CoC,2627248
1142,2017,TX-604 - Waco/McLennan County CoC,1011220
1143,2017,TX-607 - Texas Balance of State CoC,6927605
1144,2017,TX-611 - Amarillo CoC,603751
1145,2017,"TX-624 - Wichita Falls/Wise, Palo Pinto, Wichita, Archer Counties CoC",333706
1146,2017,"TX-700 - Houston, Pasadena, Conroe/Harris, Fort Bend, Montgomery Counties CoC",33425255
1147,2017,"TX-701 - Bryan, College Station/Brazos Valley CoC",285591
1148,2017,UT-500 - Salt Lake City and County CoC,7358531
1149,2017,UT-503 - Utah Balance of State CoC,1921484
1150,2017,UT-504 - Provo/Mountainland CoC,1106312
1151,2017,"VA-500 - Richmond/Henrico, Chesterfield, Hanover Counties CoC",4637254
1152,2017,"VA-501 - Norfolk, Chesapeake, Suffolk/Isle of Wight, Southampton Counties CoC",3883792
1153,2017,"VA-502 - Roanoke City and County, Salem CoC",847108
1154,2017,VA-503 - Virginia Beach CoC,1682457
1155,2017,VA-504 - Charlottesville CoC,367475
1156,2017,"VA-505 - Newport News, Hampton/Virginia Peninsula CoC",2014492
1157,2017,VA-507 - Portsmouth CoC,1203709
1158,2017,VA-508 - Lynchburg CoC,370158
1159,2017,"VA-513 - Harrisonburg, Winchester/Western Virginia CoC",381945
1160,2017,"VA-514 - Fredericksburg/Spotsylvania, Stafford Counties CoC",309879
1161,2017,VA-521 - Virginia Balance of State CoC,1031903
1162,2017,VA-600 - Arlington County CoC,2685996
1163,2017,VA-601 - Fairfax County CoC,8874225
1164,2017,VA-602 - Loudoun County CoC,177752
1165,2017,VA-603 - Alexandria CoC,850002
1166,2017,VA-604 - Prince William County CoC,601375
1167,2017,VT-500 - Vermont Balance of State CoC,3459417
1168,2017,VT-501 - Burlington/Chittenden County CoC,1173447
1169,2017,WA-500 - Seattle/King County CoC,35146190
1170,2017,WA-501 - Washington Balance of State CoC,6478975
1171,2017,WA-502 - Spokane City and County CoC,3785801
1172,2017,"WA-503 - Tacoma, Lakewood/Pierce County CoC",3327896
1173,2017,WA-504 - Everett/Snohomish County CoC,8205677
1174,2017,WA-507 - Yakima City and County CoC,630395
1175,2017,WA-508 - Vancouver/Clark County CoC,1981862
1176,2017,WI-500 - Wisconsin Balance of State CoC,9014902
1177,2017,WI-501 - Milwaukee City and County CoC,10639970
1178,2017,WI-502 - Racine City and County CoC,874070
1179,2017,WI-503 - Madison/Dane County CoC,3221647
1180,2017,"WV-500 - Wheeling, Weirton Area CoC",423047
1181,2017,"WV-501 - Huntington/Cabell, Wayne Counties CoC",2399517
1182,2017,"WV-503 - Charleston/Kanawha, Putnam, Boone, Clay Counties CoC",1177440
1183,2017,WV-508 - West Virginia Balance of State CoC,4327355
1184,2017,WY-500 - Wyoming Statewide CoC,292970
1185,2018,AK-500 - Anchorage CoC,3112658
1186,2018,AK-501 - Alaska Balance of State CoC,812671
1187,2018,"AL-500 - Birmingham/Jefferson, Saint Clair, Shelby Counties CoC",9482514
1188,2018,AL-501 - Mobile City and County/Baldwin County CoC,3811801
1189,2018,AL-502 - Florence/Northwest Alabama CoC,436218
1190,2018,AL-503 - Huntsville/North Alabama CoC,664538
1191,2018,AL-504 - Montgomery City and County CoC,1243676
1192,2018,AL-506 - Tuscaloosa City and County CoC,203299
1193,2018,AL-507 - Alabama Balance of State CoC,1185251
1194,2018,AR-500 - Little Rock/Central Arkansas CoC,3142641
1195,2018,AR-501 - Fayetteville/Northwest Arkansas CoC,356625
1196,2018,AR-503 - Arkansas Balance of State CoC,377488
1197,2018,AR-505 - Southeast Arkansas CoC,247942
1198,2018,AZ-500 - Arizona Balance of State CoC,4028471
1199,2018,AZ-501 - Tucson/Pima County CoC,8584348
1200,2018,"AZ-502 - Phoenix, Mesa/Maricopa County CoC",28016529
1201,2018,"CA-500 - San Jose, Santa Clara City and County CoC",26061937
1202,2018,CA-501 - San Francisco CoC,44537520
1203,2018,"CA-502 - Oakland, Berkeley/Alameda County CoC",37648221
1204,2018,CA-503 - Sacramento City and County CoC,20915190
1205,2018,"CA-504 - Santa Rosa, Petaluma/Sonoma County CoC",3721504
1206,2018,CA-505 - Richmond/Contra Costa County CoC,15857604
1207,2018,"CA-506 - Salinas/Monterey, San Benito Counties CoC",1840661
1208,2018,CA-507 - Marin County CoC,4496522
1209,2018,CA-508 - Watsonville/Santa Cruz City and County CoC,2629841
1210,2018,CA-509 - Mendocino County CoC,1619702
1211,2018,"CA-510 - Turlock, Modesto/Stanislaus County CoC",3399756
1212,2018,CA-511 - Stockton/San Joaquin County CoC,4490004
1213,2018,CA-512 - Daly City/San Mateo County CoC,12756571
1214,2018,"CA-513 - Visalia/Kings, Tulare Counties CoC",2354941
1215,2018,CA-514 - Fresno City and County/Madera County CoC,10733261
1216,2018,"CA-515 - Roseville, Rocklin/Placer, Nevada Counties CoC",1291551
1217,2018,"CA-516 - Redding/Shasta, Siskiyou, Lassen, Plumas, Del Norte, Modoc, Sierra Counties CoC",354508
1218,2018,CA-517 - Napa City and County CoC,739826
1219,2018,CA-518 - Vallejo/Solano County CoC,1464224
1220,2018,"CA-519 - Chico, Paradise/Butte County CoC",552718
1221,2018,CA-520 - Merced City and County CoC,749892
1222,2018,"CA-521 - Davis, Woodland/Yolo County CoC",481697
1223,2018,CA-522 - Humboldt County CoC,861315
1224,2018,"CA-523 - Colusa, Glenn, Trinity Counties CoC",6888
1225,2018,CA-524 - Yuba City and County/Sutter County CoC,15455
1226,2018,CA-525 - El Dorado County CoC,20017
1227,2018,"CA-526 - Amador, Calaveras, Mariposa, Tuolumne Counties CoC",406899
1228,2018,CA-527 - Tehama County CoC,5902
1229,2018,"CA-530 - Alpine, Inyo, Mono Counties CoC",3134
1230,2018,CA-600 - Los Angeles City and County CoC,123707061
1231,2018,CA-601 - San Diego City and County CoC,21394691
1232,2018,"CA-602 - Santa Ana, Anaheim/Orange County CoC",24073151
1233,2018,CA-603 - Santa Maria/Santa Barbara County CoC,1995819
1234,2018,CA-604 - Bakersfield/Kern County CoC,5921458
1235,2018,CA-606 - Long Beach CoC,8467853
1236,2018,CA-607 - Pasadena CoC,3561687
1237,2018,CA-608 - Riverside City and County CoC,10106803
1238,2018,CA-609 - San Bernardino City and County CoC,10141456
1239,2018,"CA-611 - Oxnard, San Buenaventura/Ventura County CoC",2290478
1240,2018,CA-612 - Glendale CoC,2449400
1241,2018,CA-613 - Imperial County CoC,183793
1242,2018,CA-614 - San Luis Obispo County CoC,979997
1243,2018,CO-500 - Colorado Balance of State CoC,3079312
1244,2018,CO-503 - Metropolitan Denver CoC,27195633
1245,2018,CO-504 - Colorado Springs/El Paso County CoC,2407701
1246,2018,"CT-503 - Bridgeport, Stamford, Norwalk/Fairfield County CoC",11467362
1247,2018,CT-505 - Connecticut Balance of State CoC,37553278
1248,2018,DC-500 - District of Columbia CoC,22720536
1249,2018,DE-500 - Delaware Statewide CoC,8249505
1250,2018,FL-501 - Tampa/Hillsborough County CoC,6347400
1251,2018,"FL-502 - Saint Petersburg, Clearwater, Largo/Pinellas County CoC",4129427
1252,2018,"FL-503 - Lakeland, Winterhaven/Polk County CoC",1974655
1253,2018,"FL-504 - Deltona, Daytona Beach/Volusia, Flagler Counties CoC",1420440
1254,2018,"FL-505 - Fort Walton Beach/Okaloosa, Walton Counties CoC",676587
1255,2018,FL-506 - Tallahassee/Leon County CoC,1451760
1256,2018,"FL-507 - Orlando/Orange, Osceola, Seminole Counties CoC",8069046
1257,2018,"FL-508 - Gainesville/Alachua, Putnam Counties CoC",703177
1258,2018,"FL-509 - Fort Pierce/Saint Lucie, Indian River, Martin Counties CoC",1710063
1259,2018,"FL-510 - Jacksonville-Duval, Clay Counties CoC",4659124
1260,2018,"FL-511 - Pensacola/Escambia, Santa Rosa Counties CoC",815404
1261,2018,FL-512 - Saint Johns County CoC,133307
1262,2018,"FL-513 - Palm Bay, Melbourne/Brevard County CoC",742388
1263,2018,FL-514 - Ocala/Marion County CoC,292129
1264,2018,"FL-515 - Panama City/Bay, Jackson Counties CoC",53680
1265,2018,"FL-517 - Hendry, Hardee, Highlands Counties CoC",184256
1266,2018,"FL-518 - Columbia, Hamilton, Lafayette, Suwannee Counties CoC",360919
1267,2018,FL-519 - Pasco County CoC,911344
1268,2018,"FL-520 - Citrus, Hernando, Lake, Sumter Counties CoC",428405
1269,2018,FL-600 - Miami-Dade County CoC,31480996
1270,2018,FL-601 - Ft Lauderdale/Broward County CoC,10201816
1271,2018,FL-602 - Punta Gorda/Charlotte County CoC,258810
1272,2018,"FL-603 - Ft Myers, Cape Coral/Lee County CoC",1835581
1273,2018,FL-604 - Monroe County CoC,491912
1274,2018,FL-605 - West Palm Beach/Palm Beach County CoC,5795007
1275,2018,FL-606 - Naples/Collier County CoC,297734
1276,2018,GA-500 - Atlanta CoC,7533177
1277,2018,GA-501 - Georgia Balance of State CoC,19242078
1278,2018,GA-502 - Fulton County CoC,2497367
1279,2018,GA-503 - Athens-Clarke County CoC,761981
1280,2018,GA-504 - Augusta-Richmond County CoC,615226
1281,2018,GA-505 - Columbus-Muscogee CoC,1524407
1282,2018,GA-506 - Marietta/Cobb County CoC,2301469
1283,2018,GA-507 - Savannah/Chatham County CoC,3450386
1284,2018,GA-508 - DeKalb County CoC,5144877
1285,2018,HI-500 - Hawaii Balance of State CoC,2613196
1286,2018,HI-501 - Honolulu City and County CoC,9483399
1287,2018,"IA-500 - Sioux City/Dakota, Woodbury Counties CoC",763143
1288,2018,IA-501 - Iowa Balance of State CoC,5206206
1289,2018,IA-502 - Des Moines/Polk County CoC,3537981
1290,2018,ID-500 - Boise/Ada County CoC,1073322
1291,2018,ID-501 - Idaho Balance of State CoC,3253348
1292,2018,IL-500 - McHenry County CoC,948095
1293,2018,"IL-501 - Rockford/Winnebago, Boone Counties CoC",1524907
1294,2018,"IL-502 - Waukegan, North Chicago/Lake County CoC",2321293
1295,2018,"IL-503 - Champaign, Urbana, Rantoul/Champaign County CoC",724099
1296,2018,IL-504 - Madison County CoC,1841444
1297,2018,"IL-506 - Joliet, Bolingbrook/Will County CoC",4148711
1298,2018,"IL-507 - Peoria, Pekin/Fulton, Tazewell, Peoria, Woodford Counties CoC",1802286
1299,2018,"IL-508 - East Saint Louis, Belleville/Saint Clair County CoC",3374043
1300,2018,IL-509 - DeKalb City and County CoC,582761
1301,2018,IL-510 - Chicago CoC,73193688
1302,2018,IL-511 - Cook County CoC,13107890
1303,2018,IL-512 - Bloomington/Central Illinois CoC,1056875
1304,2018,IL-513 - Springfield/Sangamon County CoC,402569
1305,2018,IL-514 - DuPage County CoC,4880469
1306,2018,IL-515 - South Central Illinois CoC,1047588
1307,2018,IL-516 - Decatur/Macon County CoC,869672
1308,2018,"IL-517 - Aurora, Elgin/Kane County CoC",1821498
1309,2018,"IL-518 - Rock Island, Moline/Northwestern Illinois CoC",740232
1310,2018,IL-519 - West Central Illinois CoC,665749
1311,2018,IL-520 - Southern Illinois CoC,1037157
1312,2018,IN-502 - Indiana Balance of State CoC,17126143
1313,2018,IN-503 - Indianapolis CoC,5575184
1314,2018,KS-502 - Wichita/Sedgwick County CoC,2671577
1315,2018,KS-503 - Topeka/Shawnee County CoC,1871426
1316,2018,"KS-505 - Overland Park, Shawnee/Johnson County CoC",683573
1317,2018,KS-507 - Kansas Balance of State CoC,2651388
1318,2018,KY-500 - Kentucky Balance of State CoC,9430594
1319,2018,KY-501 - Louisville-Jefferson County CoC,9910618
1320,2018,KY-502 - Lexington-Fayette County CoC,1820160
1321,2018,LA-500 - Lafayette/Acadiana Regional CoC,2840362
1322,2018,LA-502 - Shreveport/Bossier/Northwest Louisiana CoC,4010367
1323,2018,LA-503 - New Orleans/Jefferson Parish CoC,21224142
1324,2018,LA-505 - Monroe/Northeast Louisiana CoC,1746290
1325,2018,LA-506 - Slidell/Southeast Louisiana CoC,2492504
1326,2018,LA-507 - Alexandria/Central Louisiana CoC,695385
1327,2018,LA-509 - Louisiana Balance of State CoC,18368336
1328,2018,MA-500 - Boston CoC,29021101
1329,2018,MA-502 - Lynn CoC,1908352
1330,2018,MA-503 - Cape Cod Islands CoC,1852407
1331,2018,MA-504 - Springfield/Hampden County CoC,4218711
1332,2018,MA-505 - New Bedford CoC,1817917
1333,2018,MA-506 - Worcester City and County CoC,6737485
1334,2018,"MA-507 - Pittsfield/Berkshire, Franklin, Hampshire Counties CoC",1805851
1335,2018,MA-508 - Lowell CoC,814459
1336,2018,MA-509 - Cambridge CoC,4701678
1337,2018,"MA-510 - Gloucester, Haverhill, Salem/Essex County CoC",1816939
1338,2018,"MA-511 - Quincy, Brockton, Weymouth, Plymouth City and County CoC",6670761
1339,2018,MA-515 - Fall River CoC,1768888
1340,2018,MA-516 - Massachusetts Balance of State CoC,12607536
1341,2018,MA-517 - Somerville CoC,1960519
1342,2018,"MA-519 - Attleboro, Taunton/Bristol County CoC",820990
1343,2018,MD-500 - Cumberland/Allegany County CoC,668444
1344,2018,MD-501 - Baltimore CoC,23391054
1345,2018,MD-502 - Harford County CoC,928419
1346,2018,MD-503 - Annapolis/Anne Arundel County CoC,2472691
1347,2018,MD-504 - Howard County CoC,809573
1348,2018,MD-505 - Baltimore County CoC,3004848
1349,2018,MD-506 - Carroll County CoC,414519
1350,2018,MD-507 - Cecil County CoC,255444
1351,2018,"MD-508 - Charles, Calvert, Saint Mary's Counties CoC",2923962
1352,2018,MD-509 - Frederick City and County CoC,638037
1353,2018,MD-510 - Garrett County CoC,244208
1354,2018,MD-511 - Mid-Shore Regional CoC,746719
1355,2018,MD-512 - Hagerstown/Washington County CoC,517913
1356,2018,"MD-513 - Wicomico, Somerset, Worcester Counties CoC",1319789
1357,2018,MD-600 - Prince George's County CoC,5817344
1358,2018,MD-601 - Montgomery County CoC,9232284
1359,2018,ME-500 - Maine Statewide CoC,13091730
1360,2018,MI-500 - Michigan Balance of State CoC,9280618
1361,2018,MI-501 - Detroit CoC,26921844
1362,2018,"MI-502 - Dearborn, Dearborn Heights, Westland/Wayne County CoC",4253480
1363,2018,"MI-503 - Saint Clair Shores, Warren/Macomb County CoC",1276212
1364,2018,"MI-504 - Pontiac, Royal Oak/Oakland County CoC",6256918
1365,2018,MI-505 - Flint/Genesee County CoC,1959934
1366,2018,MI-506 - Grand Rapids/Wyoming/Kent County CoC,6297388
1367,2018,"MI-507 - Portage, Kalamazoo City and County CoC",1672455
1368,2018,"MI-508 - Lansing, East Lansing/Ingham County CoC",2551336
1369,2018,MI-509 - Washtenaw County CoC,5973785
1370,2018,MI-510 - Saginaw City and County CoC,2039269
1371,2018,MI-511 - Lenawee County CoC,103083
1372,2018,"MI-512 - Grand Traverse, Antrim, Leelanau Counties CoC",707619
1373,2018,"MI-513 - Marquette, Alger Counties CoC",132120
1374,2018,MI-514 - Battle Creek/Calhoun County CoC,304409
1375,2018,MI-515 - Monroe City and County CoC,125684
1376,2018,"MI-516 - Norton Shores, Muskegon City and County CoC",596662
1377,2018,MI-517 - Jackson City and County CoC,824043
1378,2018,MI-518 - Livingston County CoC,223694
1379,2018,MI-519 - Holland/Ottawa County CoC,1160414
1380,2018,MI-523 - Eaton County CoC,994002
1381,2018,MN-500 - Minneapolis/Hennepin County CoC,12955703
1382,2018,MN-501 - Saint Paul/Ramsey County CoC,6994909
1383,2018,MN-502 - Rochester/Southeast Minnesota CoC,2230636
1384,2018,"MN-503 - Dakota, Anoka, Washington, Scott, Carver Counties CoC",3868141
1385,2018,MN-504 - Northeast Minnesota CoC,460318
1386,2018,MN-505 - Saint Cloud/Central Minnesota CoC,1585286
1387,2018,MN-506 - Northwest Minnesota CoC,736023
1388,2018,MN-508 - Moorhead/West Central Minnesota CoC,863442
1389,2018,MN-509 - Duluth/Saint Louis County CoC,3277549
1390,2018,MN-511 - Southwest Minnesota CoC,1106623
1391,2018,MO-500 - Saint Louis County CoC,2053080
1392,2018,MO-501 - Saint Louis CoC,12494002
1393,2018,"MO-503 - Saint Charles City and County, Lincoln, Warren Counties CoC",381847
1394,2018,"MO-600 - Springfield/Greene, Christian, Webster Counties CoC",1073726
1395,2018,"MO-602 - Joplin/Jasper, Newton Counties CoC",625968
1396,2018,"MO-603 - Saint Joseph/Andrew, Buchanan, DeKalb Counties CoC",1430323
1397,2018,"MO-604 - Kansas City, Independence, Lee's Summit/Jackson, Wyandotte Counties CoC",13361804
1398,2018,MO-606 - Missouri Balance of State CoC,4948339
1399,2018,MP-500 - Northern Mariana Islands CoC,14244
1400,2018,"MS-500 - Jackson/Rankin, Madison Counties CoC",1433023
1401,2018,MS-501 - Mississippi Balance of State CoC,2785536
1402,2018,MS-503 - Gulf Port/Gulf Coast Regional CoC,830645
1403,2018,MT-500 - Montana Statewide CoC,2681779
1404,2018,NC-500 - Winston-Salem/Forsyth County CoC,2148664
1405,2018,NC-501 - Asheville/Buncombe County CoC,1276279
1406,2018,NC-502 - Durham City and County CoC,1309914
1407,2018,NC-503 - North Carolina Balance of State CoC,8933958
1408,2018,"NC-504 - Greensboro, High Point CoC",1778051
1409,2018,NC-505 - Charlotte/Mecklenburg County CoC,4089204
1410,2018,"NC-506 - Wilmington/Brunswick, New Hanover, Pender Counties CoC",653055
1411,2018,NC-507 - Raleigh/Wake County CoC,3451506
1412,2018,"NC-509 - Gastonia/Cleveland, Gaston, Lincoln Counties CoC",792300
1413,2018,NC-511 - Fayetteville/Cumberland County CoC,668641
1414,2018,NC-513 - Chapel Hill/Orange County CoC,700219
1415,2018,NC-516 - Northwest North Carolina CoC,355786
1416,2018,ND-500 - North Dakota Statewide CoC,1876781
1417,2018,NE-500 - Nebraska Balance of State CoC,2042862
1418,2018,"NE-501 - Omaha, Council Bluffs CoC",4692702
1419,2018,NE-502 - Lincoln CoC,2372628
1420,2018,NH-500 - New Hampshire Balance of State CoC,4193853
1421,2018,NH-501 - Manchester CoC,1543817
1422,2018,NH-502 - Nashua/Hillsborough County CoC,1936674
1423,2018,NJ-500 - Atlantic City and County CoC,541425
1424,2018,NJ-501 - Bergen County CoC,5363543
1425,2018,NJ-502 - Burlington County CoC,504223
1426,2018,"NJ-503 - Camden City and County/Gloucester, Cape May, Cumberland Counties CoC",3703084
1427,2018,NJ-504 - Newark/Essex County CoC,6442940
1428,2018,"NJ-506 - Jersey City, Bayonne/Hudson County CoC",7191193
1429,2018,NJ-507 - New Brunswick/Middlesex County CoC,3103903
1430,2018,NJ-508 - Monmouth County CoC,3617597
1431,2018,NJ-509 - Morris County CoC,1939213
1432,2018,NJ-510 - Lakewood Township/Ocean County CoC,613109
1433,2018,NJ-511 - Paterson/Passaic County CoC,4557884
1434,2018,NJ-512 - Salem County CoC,132928
1435,2018,NJ-513 - Somerset County CoC,398093
1436,2018,NJ-514 - Trenton/Mercer County CoC,4332613
1437,2018,NJ-515 - Elizabeth/Union County CoC,4321987
1438,2018,"NJ-516 - Warren, Sussex, Hunterdon Counties CoC",1253501
1439,2018,NM-500 - Albuquerque CoC,5572933
1440,2018,NM-501 - New Mexico Balance of State CoC,5614726
1441,2018,NV-500 - Las Vegas/Clark County CoC,14236132
1442,2018,"NV-501 - Reno, Sparks/Washoe County CoC",1625336
1443,2018,NV-502 - Nevada Balance of State CoC,598552
1444,2018,"NY-500 - Rochester, Irondequoit, Greece/Monroe County CoC",12511442
1445,2018,"NY-501 - Elmira/Steuben, Allegany, Livingston, Chemung, Schuyler Counties CoC",1709455
1446,2018,NY-503 - Albany City and County CoC,5663416
1447,2018,NY-504 - Cattaraugus County CoC,274756
1448,2018,"NY-505 - Syracuse, Auburn/Onondaga, Oswego, Cayuga Counties CoC",9472298
1449,2018,NY-507 - Schenectady City and County CoC,4054963
1450,2018,"NY-508 - Buffalo, Niagara Falls/Erie, Niagara, Orleans, Genesee, Wyoming Counties CoC",12207363
1451,2018,NY-510 - Ithaca/Tompkins County CoC,217267
1452,2018,"NY-511 - Binghamton, Union Town/Broome, Otsego, Chenango, Delaware, Cortland, Tioga Counties CoC",1689334
1453,2018,NY-512 - Troy/Rensselaer County CoC,3529625
1454,2018,"NY-513 - Wayne, Ontario, Seneca, Yates Counties CoC",329297
1455,2018,"NY-514 - Jamestown, Dunkirk/Chautauqua County CoC",199474
1456,2018,NY-516 - Clinton County CoC,138546
1457,2018,"NY-518 - Utica, Rome/Oneida, Madison Counties CoC",3248035
1458,2018,"NY-519 - Columbia, Greene Counties CoC",464344
1459,2018,"NY-520 - Franklin, Essex Counties CoC",90741
1460,2018,"NY-522 - Jefferson, Lewis, Saint Lawrence Counties CoC",1294337
1461,2018,"NY-523 - Glens Falls, Saratoga Springs/Saratoga, Washington, Warren, Hamilton Counties CoC",1721987
1462,2018,NY-600 - New York City CoC,117583916
1463,2018,NY-601 - Poughkeepsie/Dutchess County CoC,1373608
1464,2018,"NY-602 - Newburgh, Middletown/Orange County CoC",2708938
1465,2018,"NY-603 - Nassau, Suffolk Counties CoC",13156123
1466,2018,"NY-604 - Yonkers, Mount Vernon/Westchester County CoC",18848370
1467,2018,NY-606 - Rockland County CoC,902136
1468,2018,NY-607 - Sullivan County CoC,281080
1469,2018,NY-608 - Kingston/Ulster County CoC,1235605
1470,2018,OH-500 - Cincinnati/Hamilton County CoC,19476832
1471,2018,OH-501 - Toledo/Lucas County CoC,3955340
1472,2018,OH-502 - Cleveland/Cuyahoga County CoC,28162915
1473,2018,OH-503 - Columbus/Franklin County CoC,13763737
1474,2018,OH-504 - Youngstown/Mahoning County CoC,1919042
1475,2018,"OH-505 - Dayton, Kettering/Montgomery County CoC",10328847
1476,2018,"OH-506 - Akron, Barberton/Summit County CoC",4835866
1477,2018,OH-507 - Ohio Balance of State CoC,19116526
1478,2018,"OH-508 - Canton, Massillon, Alliance/Stark County CoC",2965295
1479,2018,OK-500 - North Central Oklahoma CoC,267124
1480,2018,OK-501 - Tulsa City and County CoC,2808449
1481,2018,OK-502 - Oklahoma City CoC,3796648
1482,2018,OK-503 - Oklahoma Balance of State CoC,607607
1483,2018,OK-504 - Norman/Cleveland County CoC,431668
1484,2018,OK-505 - Northeast Oklahoma CoC,382756
1485,2018,OK-506 - Southwest Oklahoma Regional CoC,120854
1486,2018,OK-507 - Southeastern Oklahoma Regional CoC,131146
1487,2018,"OR-500 - Eugene, Springfield/Lane County CoC",3608512
1488,2018,"OR-501 - Portland, Gresham/Multnomah County CoC",24284354
1489,2018,"OR-502 - Medford, Ashland/Jackson County CoC",248204
1490,2018,OR-503 - Central Oregon CoC,665492
1491,2018,OR-505 - Oregon Balance of State CoC,3233919
1492,2018,"OR-506 - Hillsboro, Beaverton/Washington County CoC",3853943
1493,2018,OR-507 - Clackamas County CoC,2701875
1494,2018,PA-500 - Philadelphia CoC,34507318
1495,2018,PA-501 - Harrisburg/Dauphin County CoC,1835657
1496,2018,"PA-502 - Upper Darby, Chester, Haverford/Delaware County CoC",5163693
1497,2018,"PA-503 - Wilkes-Barre, Hazleton, Luzerne County CoC",4261680
1498,2018,"PA-504 - Lower Merion, Norristown, Abington/Montgomery County CoC",3224611
1499,2018,PA-505 - Chester County CoC,1707231
1500,2018,PA-506 - Reading/Berks County CoC,2923439
1501,2018,PA-508 - Scranton/Lackawanna County CoC,2906992
1502,2018,PA-509 - Eastern Pennsylvania CoC,12487079
1503,2018,PA-510 - Lancaster City and County CoC,2322334
1504,2018,"PA-511 - Bristol, Bensalem/Bucks County CoC",1293954
1505,2018,PA-512 - York City and County CoC,1370705
1506,2018,"PA-600 - Pittsburgh, McKeesport, Penn Hills/Allegheny County CoC",20406399
1507,2018,PA-601 - Western Pennsylvania CoC,9900291
1508,2018,PA-603 - Beaver County CoC,1478372
1509,2018,PA-605 - Erie City and County CoC,2261076
1510,2018,PR-502 - Puerto Rico Balance of Commonwealth CoC,13407969
1511,2018,PR-503 - South-Southeast Puerto Rico CoC,5275620
1512,2018,RI-500 - Rhode Island Statewide CoC,7160233
1513,2018,SC-500 - Charleston/Low Country CoC,1952972
1514,2018,"SC-501 - Greenville, Anderson, Spartanburg/Upstate CoC",3154564
1515,2018,SC-502 - Columbia/Midlands CoC,3224294
1516,2018,"SC-503 - Myrtle Beach, Sumter City and County CoC",2522901
1517,2018,SD-500 - South Dakota Statewide CoC,1316523
1518,2018,TN-500 - Chattanooga/Southeast Tennessee CoC,2556777
1519,2018,TN-501 - Memphis/Shelby County CoC,6773478
1520,2018,TN-502 - Knoxville/Knox County CoC,1412759
1521,2018,TN-503 - Central Tennessee CoC,1862709
1522,2018,TN-504 - Nashville-Davidson County CoC,3594038
1523,2018,TN-506 - Upper Cumberland CoC,750733
1524,2018,TN-507 - Jackson/West Tennessee CoC,1679678
1525,2018,TN-509 - Appalachian Regional CoC,1690283
1526,2018,TN-510 - Murfreesboro/Rutherford County CoC,636524
1527,2018,"TN-512 - Morristown/Blount, Sevier, Campbell, Cocke Counties CoC",531317
1528,2018,TX-500 - San Antonio/Bexar County CoC,9729143
1529,2018,TX-503 - Austin/Travis County CoC,6780538
1530,2018,"TX-600 - Dallas City and County, Irving CoC",16562289
1531,2018,"TX-601 - Fort Worth, Arlington/Tarrant County CoC",13306444
1532,2018,TX-603 - El Paso City and County CoC,3098524
1533,2018,TX-604 - Waco/McLennan County CoC,1043307
1534,2018,TX-607 - Texas Balance of State CoC,7342787
1535,2018,TX-611 - Amarillo CoC,592838
1536,2018,"TX-624 - Wichita Falls/Wise, Palo Pinto, Wichita, Archer Counties CoC",333323
1537,2018,"TX-700 - Houston, Pasadena, Conroe/Harris, Fort Bend, Montgomery Counties CoC",38155969
1538,2018,"TX-701 - Bryan, College Station/Brazos Valley CoC",298095
1539,2018,UT-500 - Salt Lake City and County CoC,7887527
1540,2018,UT-503 - Utah Balance of State CoC,1817218
1541,2018,UT-504 - Provo/Mountainland CoC,1198418
1542,2018,"VA-500 - Richmond/Henrico, Chesterfield, Hanover Counties CoC",4754160
1543,2018,"VA-501 - Norfolk, Chesapeake, Suffolk/Isle of Wight, Southampton Counties CoC",3869707
1544,2018,"VA-502 - Roanoke City and County, Salem CoC",890645
1545,2018,VA-503 - Virginia Beach CoC,1858231
1546,2018,VA-504 - Charlottesville CoC,380319
1547,2018,"VA-505 - Newport News, Hampton/Virginia Peninsula CoC",2014410
1548,2018,VA-507 - Portsmouth CoC,1200937
1549,2018,VA-508 - Lynchburg CoC,371921
1550,2018,"VA-513 - Harrisonburg, Winchester/Western Virginia CoC",371331
1551,2018,"VA-514 - Fredericksburg/Spotsylvania, Stafford Counties CoC",320381
1552,2018,VA-521 - Virginia Balance of State CoC,1062938
1553,2018,VA-600 - Arlington County CoC,2832598
1554,2018,VA-601 - Fairfax County CoC,9126856
1555,2018,VA-602 - Loudoun County CoC,181940
1556,2018,VA-603 - Alexandria CoC,867832
1557,2018,VA-604 - Prince William County CoC,721514
1558,2018,VT-500 - Vermont Balance of State CoC,3669079
1559,2018,VT-501 - Burlington/Chittenden County CoC,1124342
1560,2018,WA-500 - Seattle/King County CoC,40370060
1561,2018,WA-501 - Washington Balance of State CoC,8049065
1562,2018,WA-502 - Spokane City and County CoC,3778347
1563,2018,"WA-503 - Tacoma, Lakewood/Pierce County CoC",3449417
1564,2018,WA-504 - Everett/Snohomish County CoC,9868888
1565,2018,WA-508 - Vancouver/Clark County CoC,1957595
1566,2018,WI-500 - Wisconsin Balance of State CoC,10365263
1567,2018,WI-501 - Milwaukee City and County CoC,10641309
1568,2018,WI-502 - Racine City and County CoC,977863
1569,2018,WI-503 - Madison/Dane County CoC,3572436
1570,2018,"WV-500 - Wheeling, Weirton Area CoC",424200
1571,2018,"WV-501 - Huntington/Cabell, Wayne Counties CoC",2614928
1572,2018,"WV-503 - Charleston/Kanawha, Putnam, Boone, Clay Counties CoC",1336441
1573,2018,WV-508 - West Virginia Balance of State CoC,4375910
1574,2018,WY-500 - Wyoming Statewide CoC,288790
